tld,traditional_whois_used,whois_host,parser_class
com,88,whois.verisign-grs.com,Whois::Parsers::WhoisVerisignGrsCom
io,7,whois.nic.io,Whois::Parsers::WhoisNicIo
net,9,whois.verisign-grs.com,Whois::Parsers::WhoisVerisignGrsCom
org,18,whois.pir.org,Whois::Parsers::WhoisPirOrg
lu,1900,whois.dns.lu,Whois::Parsers::WhoisDnsLu
site,2,whois.nic.site,Whois::Parsers::WhoisNicSite
de,3,whois.denic.de,Whois::Parsers::WhoisDenicDe
info,1,whois.afilias.net,Whois::Parsers::WhoisAfiliasNet
club,1,whois.nic.club,Whois::Parsers::WhoisNicClub
co,361,whois.registry.co,Whois::Parsers::WhoisRegistryCo
shop,345,whois.nic.shop,no-parser
xyz,1,whois.nic.xyz,Whois::Parsers::WhoisNicXyz
asia,1,whois.nic.asia,Whois::Parsers::WhoisNicAsia
eu,190,whois.eu,Whois::Parsers::WhoisEu
pt,91,whois.dns.pt,Whois::Parsers::WhoisDnsPt
me,108,whois.nic.me,Whois::Parsers::WhoisNicMe
nl,2,whois.domain-registry.nl,Whois::Parsers::WhoisDomainRegistryNl
cloud,1,whois.nic.cloud,Whois::Parsers::WhoisNicCloud
ac,1,whois.nic.ac,Whois::Parsers::WhoisNicAc
za,25,coza-whois.registry.net.za,Whois::Parsers::CozaWhoisRegistryNetZa
cl,126,whois.nic.cl,Whois::Parsers::WhoisNicCl
ie,121,whois.iedr.ie,Whois::Parsers::WhoisIedrIe
kr,1,whois.kr,Whois::Parsers::WhoisKr
es,14,whois.nic.es,Whois::Parsers::WhoisNicEs
se,99,whois.iis.se,Whois::Parsers::WhoisIisSe
my,81,whois.mynic.my,Whois::Parsers::WhoisMynicMy
mx,45,whois.mx,Whois::Parsers::WhoisMx
au,12,whois.auda.org.au,Whois::Parsers::WhoisAudaOrgAu
be,42,whois.dns.be,Whois::Parsers::WhoisDnsBe
ru,40,whois.tcinet.ru,Whois::Parsers::WhoisTcinetRu
cn,42,whois.cnnic.cn,Whois::Parsers::WhoisCnnicCn
it,37,whois.nic.it,Whois::Parsers::WhoisNicIt
jp,24,whois.jprs.jp,Whois::Parsers::WhoisJprsJp
ro,23,whois.rotld.ro,Whois::Parsers::WhoisRotldRo
news,1,whois.nic.news,Whois::Parsers::WhoisNicNews
fr,2,whois.nic.fr,Whois::Parsers::WhoisNicFr
at,14,whois.nic.at,Whois::Parsers::WhoisNicAt
gg,15,whois.gg,Whois::Parsers::WhoisGg
la,14,whois.nic.la,Whois::Parsers::WhoisNicLa
xn--p1ai,14,whois.tcinet.ru,Whois::Parsers::WhoisTcinetRu
ch,4,whois.nic.ch,Whois::Parsers::WhoisNicCh
ws,4,whois.website.ws,Whois::Parsers::WhoisWebsiteWs
dk,10,whois.dk-hostmaster.dk,Whois::Parsers::WhoisDkHostmasterDk
edu,10,whois.educause.edu,Whois::Parsers::WhoisEducauseEdu
no,4,whois.norid.no,Whois::Parsers::WhoisNoridNo
pk,6,whois.pknic.net.pk,Whois::Parsers::WhoisPknicNetPk
africa,1,whois.nic.africa,Whois::Parsers::WhoisNicAfrica
hk,7,whois.hkirc.hk,Whois::Parsers::WhoisHkircHk
sh,7,whois.nic.sh,Whois::Parsers::WhoisNicSh
hu,6,whois.nic.hu,Whois::Parsers::WhoisNicHu
is,2,whois.isnic.is,Whois::Parsers::WhoisIsnicIs
ma,5,whois.registre.ma,Whois::Parsers::WhoisRegistreMa
ag,5,whois.nic.ag,Whois::Parsers::WhoisNicAg
nu,5,whois.iis.nu,Whois::Parsers::WhoisIisNu
st,5,whois.nic.st,Whois::Parsers::WhoisNicSt
tr,4,whois.trabis.gov.tr,Whois::Parsers::WhoisTrabisGovTr
ae,4,whois.aeda.net.ae,Whois::Parsers::WhoisAedaNetAe
ge,3,whois.nic.ge,Whois::Parsers::WhoisNicGe
im,3,whois.nic.im,Whois::Parsers::WhoisNicIm
mn,4,whois.nic.mn,Whois::Parsers::WhoisNicMn
su,4,whois.tcinet.ru,Whois::Parsers::WhoisTcinetRu
tn,4,whois.ati.tn,Whois::Parsers::WhoisAtiTn
vg,2,whois.nic.vg,Whois::Parsers::WhoisNicVg
il,2,whois.isoc.org.il,Whois::Parsers::WhoisIsocOrgIl
kz,3,whois.nic.kz,Whois::Parsers::WhoisNicKz
lt,3,whois.domreg.lt,Whois::Parsers::WhoisDomregLt
rs,3,whois.rnids.rs,Whois::Parsers::WhoisRnidsRs
sr,2,whois.sr,Whois::Parsers::WhoisSr
am,2,whois.amnic.net,Whois::Parsers::WhoisAmnicNet
bj,2,whois.nic.bj,Whois::Parsers::WhoisNicBj
bz,2,whois.afilias-grs.info,Whois::Parsers::WhoisAfiliasGrsInfo
cyou,2,whois.nic.cyou,Whois::Parsers::WhoisNicCyou
ee,2,whois.tld.ee,Whois::Parsers::WhoisTldEe
je,2,whois.je,Whois::Parsers::WhoisJe
lv,2,whois.nic.lv,Whois::Parsers::WhoisNicLv
md,2,whois.nic.md,Whois::Parsers::WhoisNicMd
sk,2,whois.sk-nic.sk,Whois::Parsers::WhoisSkNicSk
so,2,whois.nic.so,Whois::Parsers::WhoisNicSo
tl,2,whois.nic.tl,Whois::Parsers::WhoisNicTl
tm,2,whois.nic.tm,Whois::Parsers::WhoisNicTm
af,1,whois.nic.af,Whois::Parsers::WhoisNicAf
ax,1,whois.ax,Whois::Parsers::WhoisAx
bg,1,whois.register.bg,Whois::Parsers::WhoisRegisterBg
bi,1,whois1.nic.bi,Whois::Parsers::Whois1NicBi
bn,1,whois.bnnic.bn,Whois::Parsers::WhoisBnnicBn
bo,1,whois.nic.bo,Whois::Parsers::WhoisNicBo
bw,1,whois.nic.net.bw,Whois::Parsers::WhoisNicNetBw
ci,1,whois.nic.ci,Whois::Parsers::WhoisNicCi
dm,1,whois.nic.dm,Whois::Parsers::WhoisNicDm
gf,1,whois.mediaserv.net,Whois::Parsers::WhoisMediaservNet
gl,1,whois.nic.gl,Whois::Parsers::WhoisNicGl
ir,1,whois.nic.ir,Whois::Parsers::WhoisNicIr
kg,1,whois.kg,Whois::Parsers::WhoisKg
ki,1,whois.nic.ki,Whois::Parsers::WhoisNicKi
lc,1,whois.afilias-grs.info,Whois::Parsers::WhoisAfiliasGrsInfo
li,1,whois.nic.li,Whois::Parsers::WhoisNicLi
mg,1,whois.nic.mg,Whois::Parsers::WhoisNicMg
mk,1,whois.marnet.mk,Whois::Parsers::WhoisMarnetMk
mq,1,whois.mediaserv.net,Whois::Parsers::WhoisMediaservNet
mw,1,whois.nic.mw,Whois::Parsers::WhoisNicMw
nz,1,whois.srs.net.nz,Whois::Parsers::WhoisSrsNetNz
om,1,whois.registry.om,Whois::Parsers::WhoisRegistryOm
pe,1,kero.yachay.pe,Whois::Parsers::KeroYachayPe
pr,1,whois.afilias-srs.net,Whois::Parsers::WhoisAfiliasSrsNet
qa,1,whois.registry.qa,Whois::Parsers::WhoisRegistryQa
sb,1,whois.nic.net.sb,Whois::Parsers::WhoisNicNetSb
sc,1,whois.afilias-grs.info,Whois::Parsers::WhoisAfiliasGrsInfo
sl,1,whois.nic.sl,Whois::Parsers::WhoisNicSl
tg,1,whois.nic.tg,Whois::Parsers::WhoisNicTg
ug,1,whois.co.ug,Whois::Parsers::WhoisCoUg
vc,1,whois.afilias-grs.info,Whois::Parsers::WhoisAfiliasGrsInfo
vu,1,vunic.vu,Whois::Parsers::VunicVu
xn--fiqs8s,1,cwhois.cnnic.cn,Whois::Parsers::CwhoisCnnicCn
