tld,requests,http_200,traditional_whois_used
com,16887,10273,88
io,2907,1023,7
net,2794,1036,9
org,2231,711,18
lu,1948,1920,1900
vip,1761,654,0
app,1316,599,0
us,1199,40,0
ai,1132,1090,0
site,650,76,2
de,638,629,3
info,617,279,1
club,608,235,1
co,566,362,361
dev,496,445,0
shop,470,456,345
live,432,7,0
xyz,345,207,1
gift,323,0,0
today,306,0,0
pro,302,109,0
asia,252,111,1
in,252,169,0
eu,194,194,190
microsoft,186,186,0
pt,182,182,91
store,181,128,0
me,168,123,108
nl,160,155,2
cloud,159,156,1
ca,155,147,0
ac,154,1,1
cc,151,63,0
za,139,27,25
cl,130,130,126
ie,121,121,121
help,118,118,0
kr,118,1,1
es,114,84,14
uk,108,96,0
gifts,102,0,0
giving,102,0,0
se,101,99,99
top,101,40,0
sbs,93,46,0
ceo,91,8,0
events,85,0,0
id,85,17,0
tv,85,59,0
my,81,81,81
ph,71,34,0
promo,68,0,0
mx,65,45,45
au,64,50,12
tech,58,24,0
click,53,29,0
sx,52,1,0
art,51,22,0
fun,50,19,0
love,50,13,0
biz,49,33,0
blog,45,18,0
games,45,11,0
be,43,42,42
ru,43,40,40
cn,42,42,42
link,41,37,0
homes,40,14,0
quest,40,19,0
to,40,25,0
win,40,14,0
it,37,37,37
money,37,2,0
bet,35,11,0
casino,35,6,0
day,35,1,0
mobi,35,11,0
network,35,1,0
gives,34,0,0
resource,33,33,0
studio,33,29,0
support,33,33,0
icu,30,28,0
jp,30,24,24
mt,29,29,0
online,29,29,0
life,27,3,0
services,27,25,0
space,27,10,0
br,26,12,0
oo,26,26,0
photography,23,22,0
ro,23,23,23
sg,23,14,0
world,23,6,0
bio,22,22,0
ly,22,22,0
news,21,19,1
company,20,19,0
pdf,20,20,0
cfd,19,9,0
email,19,19,0
foundation,19,2,0
ms,19,2,0
best,18,1,0
business,18,16,0
fi,18,12,0
if,18,18,0
local,18,18,0
open,18,16,0
solutions,18,18,0
team,18,1,0
fr,17,17,2
one,17,17,0
at,16,16,14
gr,16,16,0
gg,15,15,15
la,14,14,14
we,14,14,0
xn--p1ai,14,14,14
ch,13,13,4
ng,13,12,0
market,12,12,0
education,11,10,0
media,11,10,0
ws,11,8,4
you,11,11,0
builders,10,2,0
dk,10,10,10
edu,10,10,10
or,10,10,0
com0,9,9,0
how,9,9,0
no,9,9,4
the,9,9,0
digital,8,8,0
hn,8,8,0
lat,8,8,0
pk,8,8,6
py,8,6,0
africa,7,7,1
dollars,7,7,0
hk,7,7,7
mohammadi,7,7,0
pl,7,7,0
sh,7,7,7
wiki,7,7,0
for,6,6,0
hu,6,6,6
is,6,6,2
ma,6,6,5
red,6,5,0
reviews,6,6,0
ag,5,5,5
all,5,5,0
coffee,5,5,0
cz,5,5,0
futbol,5,0,0
inc,5,5,0
nu,5,5,5
rehab,5,2,0
st,5,5,5
tf,5,5,0
tr,5,4,4
access,4,4,0
ae,4,4,4
berlin,4,4,0
design,4,4,0
ge,4,4,3
google,4,4,0
green,4,4,0
im,4,4,3
jpg,4,4,0
mn,4,4,4
mp,4,4,0
mu,4,4,0
sdfhdsfoids,4,4,0
su,4,4,4
tion,4,4,0
tn,4,4,4
vg,4,4,2
vn,4,3,0
apple,3,1,0
ar,3,3,0
bank,3,3,0
bdo,3,3,0
beer,3,3,0
com01,3,3,0
com07,3,3,0
comhttp,3,3,0
dhl,3,3,0
do,3,3,0
gt,3,3,0
il,3,3,2
kz,3,3,3
lo,3,3,0
ls,3,3,0
lt,3,3,3
microsof,3,3,0
ne,3,3,0
ntt,3,3,0
place,3,3,0
pri,3,3,0
qpon,3,3,0
rs,3,3,3
sa,3,3,0
software,3,3,0
sr,3,3,2
visit,3,3,0
yun,3,2,0
zone,3,3,0
21,2,0,0
al,2,2,0
always,2,2,0
am,2,2,2
and,2,2,0
apelyido,2,2,0
az,2,2,0
bj,2,2,2
bns,2,2,0
bond,2,2,0
bot,2,2,0
bz,2,2,2
comsingapore,2,2,0
core,2,2,0
cyou,2,2,2
earth,2,2,0
ee,2,2,2
example,2,2,0
gm,2,2,0
gov,2,2,0
health,2,2,0
ink,2,2,0
je,2,2,2
ll,2,2,0
lotalamt,2,2,0
lv,2,2,2
md,2,2,2
ner,2,2,0
np,2,2,0
ooot,2,2,0
our,2,2,0
page,2,2,0
phe,2,2,0
please,2,2,0
rdu,2,2,0
reply,2,2,0
rthr,2,2,0
sd,2,0,0
sell,2,2,0
sk,2,2,2
so,2,2,2
stopenshop,2,2,0
surf,2,2,0
tap,2,2,0
tinebautista,2,2,0
tl,2,2,2
tm,2,2,2
travel,2,2,0
uicas,2,2,0
up,2,2,0
wedding,2,2,0
101,1,0,0
148,1,0,0
169,1,0,0
194,1,0,0
202,1,0,0
206,1,0,0
22,1,0,0
228,1,0,0
244,1,0,0
33,1,0,0
45,1,0,0
50,1,0,0
61,1,0,0
aarrika,1,1,0
able,1,1,0
activate,1,1,0
aero,1,1,0
af,1,1,1
aftuwads,1,1,0
aira,1,1,0
alcae,1,1,0
amazon,1,1,0
ao,1,1,0
ap,1,1,0
arpa,1,0,0
as,1,1,0
asda,1,0,0
ask,1,1,0
avail,1,1,0
aways,1,1,0
ax,1,1,1
bayern,1,1,0
bc,1,1,0
bco,1,1,0
bdopay,1,1,0
bf,1,1,0
bg,1,1,1
bh,1,1,0
bi,1,1,1
bid,1,1,0
bike,1,1,0
bn,1,1,1
bo,1,1,1
bt,1,1,0
buena,1,1,0
build,1,1,0
bw,1,1,1
c,1,1,0
cavrousy,1,1,0
ce,1,1,0
cf,1,1,0
chads,1,1,0
chat,1,1,0
church,1,1,0
ci,1,1,1
cobllfor,1,1,0
codes,1,1,0
coibillfor,1,1,0
combill,1,1,0
comillcork,1,1,0
commdnicated,1,1,0
con,1,1,0
consulting,1,1,0
contact,1,1,0
cool,1,0,0
cor,1,1,0
corazon,1,1,0
cork,1,1,0
covbillfor,1,1,0
cr,1,1,0
cred,1,1,0
ctc,1,1,0
culled,1,1,0
cutkok,1,1,0
cy,1,1,0
date,1,1,0
delivery,1,1,0
dfgdifjdf,1,1,0
dio,1,1,0
dj,1,1,0
dllars,1,1,0
dm,1,1,1
dont,1,1,0
dsfdsfds,1,1,0
dsscerthiod,1,1,0
earn,1,1,0
ed,1,1,0
eg,1,1,0
either,1,1,0
eliaby,1,1,0
enclosedis,1,1,0
endonela,1,1,0
er,1,0,0
et,1,1,0
expert,1,1,0
ferxtward,1,1,0
fiish,1,1,0
finance,1,1,0
focus,1,1,0
fon,1,1,0
ga,1,1,0
game,1,1,0
gets,1,1,0
gf,1,1,1
gh,1,1,0
gl,1,1,1
glass,1,1,0
gp,1,1,0
gq,1,1,0
gw,1,1,0
hamburg,1,1,0
hink,1,1,0
houseand,1,1,0
however,1,1,0
hr,1,0,0
ifrent,1,1,0
ifyoudidnotmake,1,1,0
imdating,1,1,0
immo,1,1,0
immobilien,1,1,0
international,1,1,0
invalid,1,1,0
iq,1,1,0
ir,1,1,1
irn,1,1,0
ity,1,1,0
jimelyn,1,1,0
jo,1,1,0
kaalim,1,1,0
kaufen,1,1,0
ke,1,1,0
kg,1,1,1
ki,1,1,1
km,1,1,0
kn,1,1,0
koeln,1,1,0
law,1,1,0
lc,1,1,1
learn,1,1,0
legal,1,1,0
lf,1,1,0
li,1,1,1
lieip,1,1,0
little,1,1,0
living,1,1,0
lk,1,1,0
loans,1,0,0
lol,1,1,0
london,1,1,0
lopez,1,1,0
m,1,1,0
maart,1,1,0
manila,1,1,0
mc,1,1,0
mddle,1,1,0
mg,1,1,1
mission,1,1,0
mk,1,1,1
mm,1,0,0
mq,1,1,1
mr,1,1,0
mv,1,1,0
mw,1,1,1
name,1,1,0
nature,1,1,0
ncfrey,1,1,0
ndad,1,1,0
new,1,1,0
newnahre,1,1,0
ngo,1,1,0
ni,1,1,0
norg,1,1,0
nr,1,1,0
ntefcre,1,1,0
nz,1,1,1
of,1,1,0
official,1,1,0
oh,1,1,0
om,1,1,1
on,1,1,0
ong,1,1,0
onl,1,1,0
only,1,1,0
ons,1,1,0
opie,1,1,0
oq,1,1,0
orq,1,1,0
ot,1,1,0
pa,1,1,0
paypal,1,1,0
pdfsdf,1,1,0
pe,1,1,1
phx,1,1,0
png,1,1,0
polshed,1,1,0
porn,1,1,0
pr,1,1,1
prepared,1,1,0
ps,1,1,0
purcon,1,1,0
qa,1,1,1
qrange,1,1,0
reisen,1,1,0
related,1,1,0
reliable,1,1,0
rl,1,1,0
rocks,1,1,0
rorneo,1,1,0
ruhr,1,1,0
sb,1,1,1
sc,1,1,1
scot,1,1,0
sdfsdfdsf,1,1,0
security,1,1,0
si,1,1,0
skin,1,1,0
sl,1,1,1
stay,1,1,0
strategise,1,1,0
sv,1,1,0
td,1,1,0
teams,1,1,0
tennis,1,1,0
tg,1,1,1
thank,1,1,0
these,1,1,0
tj,1,1,0
tne,1,1,0
ton,1,1,0
tools,1,1,0
tristan,1,1,0
tt,1,1,0
tugade,1,1,0
ty,1,1,0
uctronic,1,1,0
ug,1,1,1
unit,1,1,0
uo,1,1,0
upcoming,1,1,0
vc,1,1,1
villar,1,1,0
volleyball,1,1,0
vom,1,0,0
vomd,1,0,0
vu,1,1,1
web,1,1,0
webco,1,1,0
website,1,1,0
when,1,1,0
wien,1,1,0
with,1,1,0
xa,1,1,0
xn--fiqs8s,1,1,1
youjust,1,1,0
youpresent,1,1,0
ze,1,1,0
zw,1,1,0
