tld,iana_version,iana_page,http_status,whois_server,rdap_server,protocol_state,page_last_updated,retrieved_at
com,2026092800,https://www.iana.org/domains/root/db/com.html,200,whois.verisign-grs.com,https://rdap.verisign.com/com/v1/,whois_and_rdap,2026-03-10,2026-09-28T21:43:12Z
io,2026092800,https://www.iana.org/domains/root/db/io.html,200,whois.nic.io,"",whois_only,2023-01-18,2026-09-28T21:43:13Z
net,2026092800,https://www.iana.org/domains/root/db/net.html,200,whois.verisign-grs.com,https://rdap.verisign.com/net/v1/,whois_and_rdap,2026-03-10,2026-09-28T21:43:14Z
org,2026092800,https://www.iana.org/domains/root/db/org.html,200,whois.publicinterestregistry.org,https://rdap.publicinterestregistry.org/rdap/,whois_and_rdap,2026-03-10,2026-09-28T21:43:15Z
lu,2026092800,https://www.iana.org/domains/root/db/lu.html,200,whois.dns.lu,"",whois_only,2026-06-18,2026-09-28T21:43:16Z
vip,2026092800,https://www.iana.org/domains/root/db/vip.html,200,whois.nic.vip,https://rdap.nic.vip/,whois_and_rdap,2024-04-17,2026-09-28T21:43:17Z
app,2026092800,https://www.iana.org/domains/root/db/app.html,200,"",https://pubapi.registry.google/rdap/,rdap_only,2025-04-11,2026-09-28T21:43:18Z
us,2026092800,https://www.iana.org/domains/root/db/us.html,200,whois.nic.us,"",whois_only,2026-08-05,2026-09-28T21:43:19Z
ai,2026092800,https://www.iana.org/domains/root/db/ai.html,200,whois.nic.ai,https://rdap.identitydigital.services/rdap/,whois_and_rdap,2025-02-11,2026-09-28T21:43:20Z
site,2026092800,https://www.iana.org/domains/root/db/site.html,200,whois.nic.site,https://rdap.radix.host/rdap/,whois_and_rdap,2026-04-21,2026-09-28T21:43:21Z
de,2026092800,https://www.iana.org/domains/root/db/de.html,200,whois.denic.de,"",whois_only,2026-08-04,2026-09-28T21:43:21Z
info,2026092800,https://www.iana.org/domains/root/db/info.html,200,"",https://rdap.identitydigital.services/rdap/,rdap_only,2026-03-10,2026-09-28T21:43:22Z
club,2026092800,https://www.iana.org/domains/root/db/club.html,200,whois.nic.club,https://rdap.nic.club/,whois_and_rdap,2024-04-16,2026-09-28T21:43:23Z
co,2026092800,https://www.iana.org/domains/root/db/co.html,200,whois.registry.co,"",whois_only,2026-02-17,2026-09-28T21:43:24Z
dev,2026092800,https://www.iana.org/domains/root/db/dev.html,200,"",https://pubapi.registry.google/rdap/,rdap_only,2025-04-11,2026-09-28T21:43:25Z
shop,2026092800,https://www.iana.org/domains/root/db/shop.html,200,whois.nic.shop,https://rdap.gmoregistry.net/rdap/,whois_and_rdap,2019-08-20,2026-09-28T21:43:26Z
live,2026092800,https://www.iana.org/domains/root/db/live.html,200,"",https://rdap.identitydigital.services/rdap/,rdap_only,2025-10-07,2026-09-28T21:43:27Z
xyz,2026092800,https://www.iana.org/domains/root/db/xyz.html,200,whois.nic.xyz,https://rdap.centralnic.com/xyz,whois_and_rdap,2025-08-12,2026-09-28T21:43:27Z
gift,2026092800,https://www.iana.org/domains/root/db/gift.html,200,whois.registry.gift,https://rdap.registry.gift/rdap/,whois_and_rdap,2026-06-09,2026-09-28T21:43:28Z
today,2026092800,https://www.iana.org/domains/root/db/today.html,200,"",https://rdap.identitydigital.services/rdap/,rdap_only,2025-10-07,2026-09-28T21:43:29Z
pro,2026092800,https://www.iana.org/domains/root/db/pro.html,200,"",https://rdap.identitydigital.services/rdap/,rdap_only,2026-03-10,2026-09-28T21:43:30Z
asia,2026092800,https://www.iana.org/domains/root/db/asia.html,200,whois.nic.asia,https://rdap.identitydigital.services/rdap/,whois_and_rdap,2026-08-04,2026-09-28T21:43:30Z
in,2026092800,https://www.iana.org/domains/root/db/in.html,200,whois.nixiregistry.in,https://rdap.nixiregistry.in/rdap/,whois_and_rdap,2026-06-29,2026-09-28T21:43:31Z
eu,2026092800,https://www.iana.org/domains/root/db/eu.html,200,whois.eu,"",whois_only,2025-12-22,2026-09-28T21:43:32Z
microsoft,2026092800,https://www.iana.org/domains/root/db/microsoft.html,200,"",https://rdap.nominet.uk/microsoft/,rdap_only,2026-02-02,2026-09-28T21:43:33Z
pt,2026092800,https://www.iana.org/domains/root/db/pt.html,200,whois.dns.pt,"",whois_only,2023-08-02,2026-09-28T21:43:34Z
store,2026092800,https://www.iana.org/domains/root/db/store.html,200,whois.nic.store,https://rdap.radix.host/rdap/,whois_and_rdap,2026-04-27,2026-09-28T21:43:35Z
me,2026092800,https://www.iana.org/domains/root/db/me.html,200,whois.nic.me,"",whois_only,2020-10-19,2026-09-28T21:43:36Z
nl,2026092800,https://www.iana.org/domains/root/db/nl.html,200,whois.domain-registry.nl,https://rdap.sidn.nl/,whois_and_rdap,2024-06-20,2026-09-28T21:43:37Z
cloud,2026092800,https://www.iana.org/domains/root/db/cloud.html,200,whois.nic.cloud,https://rdap.registry.cloud/rdap/,whois_and_rdap,2025-12-18,2026-09-28T21:43:38Z
ca,2026092800,https://www.iana.org/domains/root/db/ca.html,200,whois.cira.ca,https://rdap.ca.fury.ca/rdap/,whois_and_rdap,2026-08-04,2026-09-28T21:43:39Z
ac,2026092800,https://www.iana.org/domains/root/db/ac.html,200,whois.nic.ac,"",whois_only,2023-03-07,2026-09-28T21:43:39Z
cc,2026092800,https://www.iana.org/domains/root/db/cc.html,200,ccwhois.verisign-grs.com,https://tld-rdap.verisign.com/cc/v1/,whois_and_rdap,2026-03-24,2026-09-28T21:43:40Z
za,2026092800,https://www.iana.org/domains/root/db/za.html,200,"","",no_server_listed,2025-04-16,2026-09-28T21:43:41Z
cl,2026092800,https://www.iana.org/domains/root/db/cl.html,200,whois.nic.cl,"",whois_only,2026-08-04,2026-09-28T21:43:42Z
ie,2026092800,https://www.iana.org/domains/root/db/ie.html,200,whois.weare.ie,"",whois_only,2026-07-23,2026-09-28T21:43:42Z
help,2026092800,https://www.iana.org/domains/root/db/help.html,200,whois.nic.help,https://rdap.centralnic.com/help/,whois_and_rdap,2024-01-04,2026-09-28T21:43:43Z
kr,2026092800,https://www.iana.org/domains/root/db/kr.html,200,whois.kr,https://rdap.nic.or.kr,whois_and_rdap,2026-09-16,2026-09-28T21:43:44Z
es,2026092800,https://www.iana.org/domains/root/db/es.html,200,whois.nic.es,"",whois_only,2025-07-11,2026-09-28T21:43:45Z
uk,2026092800,https://www.iana.org/domains/root/db/uk.html,200,"",https://rdap.nominet.uk/uk/,rdap_only,2026-08-04,2026-09-28T21:43:46Z
gifts,2026092800,https://www.iana.org/domains/root/db/gifts.html,200,"",https://rdap.identitydigital.services/rdap/,rdap_only,2025-10-07,2026-09-28T21:43:46Z
giving,2026092800,https://www.iana.org/domains/root/db/giving.html,200,whois.nic.giving,https://rdap.publicinterestregistry.org/rdap/,whois_and_rdap,2025-08-14,2026-09-28T21:43:47Z
se,2026092800,https://www.iana.org/domains/root/db/se.html,200,whois.iis.se,"",whois_only,2026-02-12,2026-09-28T21:43:48Z
top,2026092800,https://www.iana.org/domains/root/db/top.html,200,whois.nic.top,https://rdap.zdnsgtld.com/top/,whois_and_rdap,2026-09-23,2026-09-28T21:43:49Z
sbs,2026092800,https://www.iana.org/domains/root/db/sbs.html,200,whois.nic.sbs,https://rdap.centralnic.com/sbs/,whois_and_rdap,2024-06-19,2026-09-28T21:43:50Z
ceo,2026092800,https://www.iana.org/domains/root/db/ceo.html,200,whois.nic.ceo,https://rdap.centralnic.com/ceo/,whois_and_rdap,2025-08-12,2026-09-28T21:43:51Z
events,2026092800,https://www.iana.org/domains/root/db/events.html,200,"",https://rdap.identitydigital.services/rdap/,rdap_only,2025-10-07,2026-09-28T21:43:51Z
id,2026092800,https://www.iana.org/domains/root/db/id.html,200,whois.id,https://rdap.pandi.id/rdap/,whois_and_rdap,2026-08-05,2026-09-28T21:43:53Z
tv,2026092800,https://www.iana.org/domains/root/db/tv.html,200,whois.nic.tv,https://rdap.nic.tv/,whois_and_rdap,2026-08-05,2026-09-28T21:43:53Z
my,2026092800,https://www.iana.org/domains/root/db/my.html,200,whois.mynic.my,"",whois_only,2026-08-21,2026-09-28T21:43:54Z
ph,2026092800,https://www.iana.org/domains/root/db/ph.html,200,"","",no_server_listed,2026-08-05,2026-09-28T21:43:55Z
promo,2026092800,https://www.iana.org/domains/root/db/promo.html,200,"",https://rdap.identitydigital.services/rdap/,rdap_only,2025-09-04,2026-09-28T21:43:56Z
mx,2026092800,https://www.iana.org/domains/root/db/mx.html,200,whois.mx,"",whois_only,2026-02-28,2026-09-28T21:43:56Z
au,2026092800,https://www.iana.org/domains/root/db/au.html,200,whois.auda.org.au,https://rdap.cctld.au/rdap/,whois_and_rdap,2026-09-08,2026-09-28T21:43:57Z
tech,2026092800,https://www.iana.org/domains/root/db/tech.html,200,whois.nic.tech,https://rdap.radix.host/rdap/,whois_and_rdap,2026-04-14,2026-09-28T21:43:58Z
click,2026092800,https://www.iana.org/domains/root/db/click.html,200,whois.registry.click,https://rdap.registry.click/rdap/,whois_and_rdap,2026-06-16,2026-09-28T21:43:59Z
sx,2026092800,https://www.iana.org/domains/root/db/sx.html,200,whois.sx,"",whois_only,2026-01-26,2026-09-28T21:44:00Z
art,2026092800,https://www.iana.org/domains/root/db/art.html,200,whois.nic.art,https://rdap.centralnic.com/art,whois_and_rdap,2024-04-30,2026-09-28T21:44:01Z
fun,2026092800,https://www.iana.org/domains/root/db/fun.html,200,whois.nic.fun,https://rdap.radix.host/rdap/,whois_and_rdap,2026-04-14,2026-09-28T21:44:02Z
love,2026092800,https://www.iana.org/domains/root/db/love.html,200,whois.nic.love,https://rdap.registry.love/rdap/,whois_and_rdap,2025-12-12,2026-09-28T21:44:02Z
biz,2026092800,https://www.iana.org/domains/root/db/biz.html,200,whois.nic.biz,https://rdap.nic.biz/,whois_and_rdap,2026-03-10,2026-09-28T21:44:03Z
blog,2026092800,https://www.iana.org/domains/root/db/blog.html,200,whois.nic.blog,https://rdap.blog.fury.ca/rdap/,whois_and_rdap,2026-05-05,2026-09-28T21:44:04Z
games,2026092800,https://www.iana.org/domains/root/db/games.html,200,"",https://rdap.identitydigital.services/rdap/,rdap_only,2026-09-22,2026-09-28T21:44:05Z
be,2026092800,https://www.iana.org/domains/root/db/be.html,200,whois.dns.be,"",whois_only,2026-01-12,2026-09-28T21:44:06Z
ru,2026092800,https://www.iana.org/domains/root/db/ru.html,200,whois.tcinet.ru,"",whois_only,2026-08-21,2026-09-28T21:44:06Z
cn,2026092800,https://www.iana.org/domains/root/db/cn.html,200,whois.cnnic.cn,"",whois_only,2025-07-17,2026-09-28T21:44:07Z
link,2026092800,https://www.iana.org/domains/root/db/link.html,200,whois.uniregistry.net,https://rdap.uniregistry.net/rdap/,whois_and_rdap,2026-06-26,2026-09-28T21:44:08Z
homes,2026092800,https://www.iana.org/domains/root/db/homes.html,200,whois.nic.homes,https://rdap.centralnic.com/homes/,whois_and_rdap,2025-08-12,2026-09-28T21:44:09Z
quest,2026092800,https://www.iana.org/domains/root/db/quest.html,200,whois.nic.quest,https://rdap.centralnic.com/quest/,whois_and_rdap,2025-08-12,2026-09-28T21:44:10Z
to,2026092800,https://www.iana.org/domains/root/db/to.html,200,whois.tonicregistry.to,https://rdap.tonicregistry.to/rdap/,whois_and_rdap,2026-01-07,2026-09-28T21:44:10Z
win,2026092800,https://www.iana.org/domains/root/db/win.html,200,whois.nic.win,https://rdap.nic.win/,whois_and_rdap,2024-05-11,2026-09-28T21:44:11Z
it,2026092800,https://www.iana.org/domains/root/db/it.html,200,whois.nic.it,"",whois_only,2025-12-17,2026-09-28T21:44:12Z
money,2026092800,https://www.iana.org/domains/root/db/money.html,200,"",https://rdap.identitydigital.services/rdap/,rdap_only,2025-10-07,2026-09-28T21:44:13Z
bet,2026092800,https://www.iana.org/domains/root/db/bet.html,200,"",https://rdap.identitydigital.services/rdap/,rdap_only,2025-09-04,2026-09-28T21:44:14Z
casino,2026092800,https://www.iana.org/domains/root/db/casino.html,200,"",https://rdap.identitydigital.services/rdap/,rdap_only,2025-10-07,2026-09-28T21:44:14Z
day,2026092800,https://www.iana.org/domains/root/db/day.html,200,"",https://pubapi.registry.google/rdap/,rdap_only,2025-04-11,2026-09-28T21:44:15Z
mobi,2026092800,https://www.iana.org/domains/root/db/mobi.html,200,"",https://rdap.identitydigital.services/rdap/,rdap_only,2025-09-04,2026-09-28T21:44:16Z
network,2026092800,https://www.iana.org/domains/root/db/network.html,200,"",https://rdap.identitydigital.services/rdap/,rdap_only,2025-10-07,2026-09-28T21:44:17Z
gives,2026092800,https://www.iana.org/domains/root/db/gives.html,200,whois.nic.gives,https://rdap.publicinterestregistry.org/rdap/,whois_and_rdap,2025-08-14,2026-09-28T21:44:18Z
studio,2026092800,https://www.iana.org/domains/root/db/studio.html,200,"",https://rdap.identitydigital.services/rdap/,rdap_only,2025-10-07,2026-09-28T21:44:18Z
support,2026092800,https://www.iana.org/domains/root/db/support.html,200,"",https://rdap.identitydigital.services/rdap/,rdap_only,2025-10-07,2026-09-28T21:44:19Z
icu,2026092800,https://www.iana.org/domains/root/db/icu.html,200,whois.nic.icu,https://rdap.centralnic.com/icu,whois_and_rdap,2024-06-19,2026-09-28T21:44:20Z
jp,2026092800,https://www.iana.org/domains/root/db/jp.html,200,whois.jprs.jp,"",whois_only,2025-11-06,2026-09-28T21:44:21Z
mt,2026092800,https://www.iana.org/domains/root/db/mt.html,200,"","",no_server_listed,2020-01-23,2026-09-28T21:44:22Z
online,2026092800,https://www.iana.org/domains/root/db/online.html,200,whois.nic.online,https://rdap.radix.host/rdap/,whois_and_rdap,2026-04-27,2026-09-28T21:44:22Z
life,2026092800,https://www.iana.org/domains/root/db/life.html,200,"",https://rdap.identitydigital.services/rdap/,rdap_only,2025-10-07,2026-09-28T21:44:23Z
services,2026092800,https://www.iana.org/domains/root/db/services.html,200,"",https://rdap.identitydigital.services/rdap/,rdap_only,2025-10-07,2026-09-28T21:44:24Z
space,2026092800,https://www.iana.org/domains/root/db/space.html,200,whois.nic.space,https://rdap.radix.host/rdap/,whois_and_rdap,2026-04-21,2026-09-28T21:44:25Z
br,2026092800,https://www.iana.org/domains/root/db/br.html,200,whois.registro.br,https://rdap.registro.br/,whois_and_rdap,2023-11-14,2026-09-28T21:44:25Z
photography,2026092800,https://www.iana.org/domains/root/db/photography.html,200,"",https://rdap.identitydigital.services/rdap/,rdap_only,2025-10-07,2026-09-28T21:44:26Z
ro,2026092800,https://www.iana.org/domains/root/db/ro.html,200,whois.rotld.ro,"",whois_only,2026-09-28,2026-09-28T21:44:27Z
sg,2026092800,https://www.iana.org/domains/root/db/sg.html,200,whois.sgnic.sg,https://rdap.sgnic.sg/rdap/,whois_and_rdap,2026-02-04,2026-09-28T21:44:27Z
world,2026092800,https://www.iana.org/domains/root/db/world.html,200,"",https://rdap.identitydigital.services/rdap/,rdap_only,2025-10-07,2026-09-28T21:44:28Z
bio,2026092800,https://www.iana.org/domains/root/db/bio.html,200,"",https://rdap.identitydigital.services/rdap/,rdap_only,2025-09-04,2026-09-28T21:44:29Z
ly,2026092800,https://www.iana.org/domains/root/db/ly.html,200,whois.nic.ly,https://rdap.nic.ly,whois_and_rdap,2025-11-01,2026-09-28T21:44:30Z
news,2026092800,https://www.iana.org/domains/root/db/news.html,200,"",https://rdap.identitydigital.services/rdap/,rdap_only,2025-10-07,2026-09-28T21:44:30Z
company,2026092800,https://www.iana.org/domains/root/db/company.html,200,"",https://rdap.identitydigital.services/rdap/,rdap_only,2025-10-07,2026-09-28T21:44:31Z
cfd,2026092800,https://www.iana.org/domains/root/db/cfd.html,200,whois.nic.cfd,https://rdap.centralnic.com/cfd/,whois_and_rdap,2024-04-29,2026-09-28T21:44:32Z
email,2026092800,https://www.iana.org/domains/root/db/email.html,200,"",https://rdap.identitydigital.services/rdap/,rdap_only,2025-10-07,2026-09-28T21:44:33Z
foundation,2026092800,https://www.iana.org/domains/root/db/foundation.html,200,whois.nic.foundation,https://rdap.publicinterestregistry.org/rdap/,whois_and_rdap,2025-08-14,2026-09-28T21:44:34Z
ms,2026092800,https://www.iana.org/domains/root/db/ms.html,200,whois.nic.ms,https://rdap.nic.ms,whois_and_rdap,2026-08-05,2026-09-28T21:44:34Z
best,2026092800,https://www.iana.org/domains/root/db/best.html,200,whois.nic.best,https://rdap.centralnic.com/best/,whois_and_rdap,2026-02-11,2026-09-28T21:44:35Z
business,2026092800,https://www.iana.org/domains/root/db/business.html,200,"",https://rdap.identitydigital.services/rdap/,rdap_only,2025-10-07,2026-09-28T21:44:36Z
fi,2026092800,https://www.iana.org/domains/root/db/fi.html,200,whois.fi,https://rdap.fi/rdap/rdap/,whois_and_rdap,2025-09-15,2026-09-28T21:44:37Z
open,2026092800,https://www.iana.org/domains/root/db/open.html,200,whois.nic.open,https://rdap.nic.open/,whois_and_rdap,2024-05-11,2026-09-28T21:44:38Z
solutions,2026092800,https://www.iana.org/domains/root/db/solutions.html,200,"",https://rdap.identitydigital.services/rdap/,rdap_only,2025-10-07,2026-09-28T21:44:38Z
team,2026092800,https://www.iana.org/domains/root/db/team.html,200,"",https://rdap.identitydigital.services/rdap/,rdap_only,2025-10-07,2026-09-28T21:44:39Z
fr,2026092800,https://www.iana.org/domains/root/db/fr.html,200,whois.nic.fr,https://rdap.nic.fr/,whois_and_rdap,2025-07-31,2026-09-28T21:44:40Z
one,2026092800,https://www.iana.org/domains/root/db/one.html,200,whois.nic.one,https://rdap.nic.one/,whois_and_rdap,2026-05-19,2026-09-28T21:44:41Z
at,2026092800,https://www.iana.org/domains/root/db/at.html,200,whois.nic.at,"",whois_only,2025-05-14,2026-09-28T21:44:42Z
gr,2026092800,https://www.iana.org/domains/root/db/gr.html,200,"","",no_server_listed,2026-09-23,2026-09-28T21:44:43Z
gg,2026092800,https://www.iana.org/domains/root/db/gg.html,200,whois.gg,"",whois_only,2025-07-07,2026-09-28T21:44:43Z
la,2026092800,https://www.iana.org/domains/root/db/la.html,200,whois.nic.la,"",whois_only,2025-08-21,2026-09-28T21:44:44Z
xn--p1ai,2026092800,https://www.iana.org/domains/root/db/xn--p1ai.html,200,whois.tcinet.ru,"",whois_only,2026-08-21,2026-09-28T21:44:45Z
ch,2026092800,https://www.iana.org/domains/root/db/ch.html,200,whois.nic.ch,"",whois_only,2026-07-01,2026-09-28T21:44:46Z
ng,2026092800,https://www.iana.org/domains/root/db/ng.html,200,whois.nic.net.ng,https://rdap.nic.net.ng,whois_and_rdap,2026-08-05,2026-09-28T21:44:47Z
market,2026092800,https://www.iana.org/domains/root/db/market.html,200,"",https://rdap.identitydigital.services/rdap/,rdap_only,2025-10-07,2026-09-28T21:44:48Z
education,2026092800,https://www.iana.org/domains/root/db/education.html,200,"",https://rdap.identitydigital.services/rdap/,rdap_only,2025-10-07,2026-09-28T21:44:48Z
media,2026092800,https://www.iana.org/domains/root/db/media.html,200,"",https://rdap.identitydigital.services/rdap/,rdap_only,2025-10-07,2026-09-28T21:44:49Z
ws,2026092800,https://www.iana.org/domains/root/db/ws.html,200,whois.website.ws,"",whois_only,2021-05-26,2026-09-28T21:44:50Z
you,2026092800,https://www.iana.org/domains/root/db/you.html,200,"",https://rdap.nominet.uk/you/,rdap_only,2025-02-14,2026-09-28T21:44:51Z
builders,2026092800,https://www.iana.org/domains/root/db/builders.html,200,"",https://rdap.identitydigital.services/rdap/,rdap_only,2025-10-07,2026-09-28T21:44:51Z
dk,2026092800,https://www.iana.org/domains/root/db/dk.html,200,whois.punktum.dk,"",whois_only,2026-06-17,2026-09-28T21:44:52Z
edu,2026092800,https://www.iana.org/domains/root/db/edu.html,200,whois.educause.edu,"",whois_only,2026-08-04,2026-09-28T21:44:53Z
how,2026092800,https://www.iana.org/domains/root/db/how.html,200,"",https://pubapi.registry.google/rdap/,rdap_only,2025-04-11,2026-09-28T21:44:53Z
no,2026092800,https://www.iana.org/domains/root/db/no.html,200,whois.norid.no,https://rdap.norid.no/,whois_and_rdap,2022-01-14,2026-09-28T21:44:54Z
digital,2026092800,https://www.iana.org/domains/root/db/digital.html,200,"",https://rdap.identitydigital.services/rdap/,rdap_only,2025-10-07,2026-09-28T21:44:55Z
hn,2026092800,https://www.iana.org/domains/root/db/hn.html,200,whois.nic.hn,https://rdap.nic.hn/,whois_and_rdap,2024-07-24,2026-09-28T21:44:56Z
lat,2026092800,https://www.iana.org/domains/root/db/lat.html,200,whois.nic.lat,https://rdap.centralnic.com/lat/,whois_and_rdap,2025-08-12,2026-09-28T21:44:57Z
pk,2026092800,https://www.iana.org/domains/root/db/pk.html,200,whois.pknic.net.pk,"",whois_only,2022-07-06,2026-09-28T21:44:58Z
py,2026092800,https://www.iana.org/domains/root/db/py.html,200,"","",no_server_listed,2023-01-18,2026-09-28T21:44:58Z
africa,2026092800,https://www.iana.org/domains/root/db/africa.html,200,whois.nic.africa,https://rdap.nic.africa/rdap/,whois_and_rdap,2025-08-05,2026-09-28T21:44:59Z
hk,2026092800,https://www.iana.org/domains/root/db/hk.html,200,whois.hkirc.hk,"",whois_only,2026-01-07,2026-09-28T21:45:00Z
pl,2026092800,https://www.iana.org/domains/root/db/pl.html,200,whois.dns.pl,https://rdap.dns.pl,whois_and_rdap,2026-04-24,2026-09-28T21:45:01Z
sh,2026092800,https://www.iana.org/domains/root/db/sh.html,200,whois.nic.sh,"",whois_only,2026-08-05,2026-09-28T21:45:01Z
wiki,2026092800,https://www.iana.org/domains/root/db/wiki.html,200,whois.nic.wiki,https://rdap.nic.wiki/,whois_and_rdap,2024-04-17,2026-09-28T21:45:02Z
hu,2026092800,https://www.iana.org/domains/root/db/hu.html,200,whois.nic.hu,"",whois_only,2026-08-04,2026-09-28T21:45:03Z
is,2026092800,https://www.iana.org/domains/root/db/is.html,200,whois.isnic.is,https://rdap.isnic.is/rdap/,whois_and_rdap,2026-02-18,2026-09-28T21:45:04Z
ma,2026092800,https://www.iana.org/domains/root/db/ma.html,200,whois.registre.ma,"",whois_only,2025-06-08,2026-09-28T21:45:04Z
red,2026092800,https://www.iana.org/domains/root/db/red.html,200,"",https://rdap.identitydigital.services/rdap/,rdap_only,2025-09-04,2026-09-28T21:45:05Z
reviews,2026092800,https://www.iana.org/domains/root/db/reviews.html,200,"",https://rdap.identitydigital.services/rdap/,rdap_only,2025-10-07,2026-09-28T21:45:06Z
