source_rank,tld,source_status,server_adapter,whois_host,server_url,current_parser_class,parser_family,initial_coverage_state,resource_group,implementation_package
301,blog,delegated,Standard,whois.nic.blog,"",Whois::Parsers::Blank,Blank,parser_missing,host:whois.nic.blog,package-4
302,team,delegated,Standard,whois.nic.team,"",Whois::Parsers::Blank,Blank,parser_missing,host:whois.nic.team,package-2
303,support,delegated,Standard,whois.nic.support,"",Whois::Parsers::Blank,Blank,parser_missing,host:whois.nic.support,package-2
304,fox,delegated,Standard,whois.nic.fox,"",Whois::Parsers::Blank,Blank,parser_missing,host:whois.nic.fox,package-3
305,cyou,delegated,Standard,whois.nic.cyou,"",Whois::Parsers::Blank,Blank,parser_missing,host:whois.nic.cyou,package-1
306,null,undelegated,Unmapped,"","",Whois::Parsers::Blank,Blank,excluded_undelegated,row:306,package-4
307,agency,delegated,Standard,whois.nic.agency,"",Whois::Parsers::Blank,Blank,parser_missing,host:whois.nic.agency,package-3
308,bid,delegated,Standard,whois.nic.bid,"",Whois::Parsers::Blank,Blank,parser_missing,host:whois.nic.bid,package-5
309,bet,delegated,Standard,whois.afilias.net,"",Whois::Parsers::WhoisAfiliasNet,BaseAfilias2,parser_present_unverified,family:BaseAfilias2,package-2
310,cx,delegated,Standard,whois.nic.cx,"",Whois::Parsers::WhoisNicCx,BaseCocca2,parser_present_unverified,family:BaseCocca2,package-5
311,build,delegated,Standard,whois.nic.build,"",Whois::Parsers::Blank,Blank,parser_missing,host:whois.nic.build,package-5
312,buzz,delegated,Standard,whois.nic.buzz,"",Whois::Parsers::Blank,Blank,parser_missing,host:whois.nic.buzz,package-3
313,events,delegated,Standard,whois.nic.events,"",Whois::Parsers::Blank,Blank,parser_missing,host:whois.nic.events,package-5
314,sbs,delegated,Standard,whois.nic.sbs,"",Whois::Parsers::Blank,Blank,parser_missing,host:whois.nic.sbs,package-5
315,cam,delegated,Standard,whois.nic.cam,"",Whois::Parsers::Blank,Blank,parser_missing,host:whois.nic.cam,package-3
316,social,delegated,Standard,whois.nic.social,"",Whois::Parsers::Blank,Blank,parser_missing,host:whois.nic.social,package-5
317,moe,delegated,Standard,whois.nic.moe,"",Whois::Parsers::Blank,Blank,parser_missing,host:whois.nic.moe,package-5
318,center,delegated,Standard,whois.nic.center,"",Whois::Parsers::Blank,Blank,parser_missing,host:whois.nic.center,package-2
319,guru,delegated,Standard,whois.nic.guru,"",Whois::Parsers::Blank,Blank,parser_missing,host:whois.nic.guru,package-2
320,lat,delegated,Standard,whois.nic.lat,"",Whois::Parsers::Blank,Blank,parser_missing,host:whois.nic.lat,package-5
321,aero,delegated,Standard,whois.aero,"",Whois::Parsers::WhoisAero,BaseAfilias,parser_present_unverified,family:BaseAfilias,package-5
322,wpad,undelegated,Unmapped,"","",Whois::Parsers::Blank,Blank,excluded_undelegated,row:322,package-5
323,red,delegated,Standard,whois.afilias.net,"",Whois::Parsers::WhoisAfiliasNet,BaseAfilias2,parser_present_unverified,family:BaseAfilias2,package-2
324,stream,delegated,Standard,whois.nic.stream,"",Whois::Parsers::Blank,Blank,parser_missing,host:whois.nic.stream,package-1
325,wiki,delegated,Standard,whois.nic.wiki,"",Whois::Parsers::Blank,Blank,parser_missing,host:whois.nic.wiki,package-5
326,health,delegated,None,"","",Whois::Parsers::Blank,Blank,adapter_none_excluded,row:326,package-1
327,int,delegated,Standard,whois.iana.org,"",Whois::Parsers::WhoisIanaOrg,Base,parser_present_unverified,family:Base,package-4
328,company,delegated,Standard,whois.nic.company,"",Whois::Parsers::Blank,Blank,parser_missing,host:whois.nic.company,package-1
329,finance,delegated,Standard,whois.nic.finance,"",Whois::Parsers::Blank,Blank,parser_missing,host:whois.nic.finance,package-5
330,travel,delegated,Standard,whois.nic.travel,"",Whois::Parsers::WhoisNicTravel,BaseShared2,parser_present_unverified,family:BaseShared2,package-5
331,codes,delegated,Standard,whois.nic.codes,"",Whois::Parsers::Blank,Blank,parser_missing,host:whois.nic.codes,package-3
332,onl,delegated,Standard,whois.afilias-srs.net,"",Whois::Parsers::WhoisAfiliasSrsNet,BaseIcannCompliant,parser_present_unverified,family:BaseIcannCompliant,package-1
333,https,undelegated,Unmapped,"","",Whois::Parsers::Blank,Blank,excluded_undelegated,row:333,package-2
334,fit,delegated,Standard,whois.nic.fit,"",Whois::Parsers::Blank,Blank,parser_missing,host:whois.nic.fit,package-4
335,bio,delegated,Standard,whois.afilias.net,"",Whois::Parsers::WhoisAfiliasNet,BaseAfilias2,parser_present_unverified,family:BaseAfilias2,package-2
336,pics,delegated,Standard,whois.uniregistry.net,"",Whois::Parsers::WhoisUniregistryNet,BaseIcannCompliant,parser_present_unverified,family:BaseIcannCompliant,package-1
337,bind,undelegated,Unmapped,"","",Whois::Parsers::Blank,Blank,excluded_undelegated,row:337,package-3
338,no-op-domain,undelegated,Unmapped,"","",Whois::Parsers::Blank,Blank,excluded_undelegated,row:338,package-4
339,xxx,delegated,Standard,whois.nic.xxx,"",Whois::Parsers::WhoisNicXxx,BaseAfilias2,parser_present_unverified,family:BaseAfilias2,package-2
340,tc,delegated,Standard,whois.nic.tc,"",Whois::Parsers::WhoisNicTc,BaseCocca2,parser_present_unverified,family:BaseCocca2,package-5
341,wtf,delegated,Standard,whois.nic.wtf,"",Whois::Parsers::Blank,Blank,parser_missing,host:whois.nic.wtf,package-2
342,care,delegated,Standard,whois.nic.care,"",Whois::Parsers::Blank,Blank,parser_missing,host:whois.nic.care,package-5
343,event,undelegated,Unmapped,"","",Whois::Parsers::Blank,Blank,excluded_undelegated,row:343,package-5
344,game,delegated,Standard,whois.uniregistry.net,"",Whois::Parsers::WhoisUniregistryNet,BaseIcannCompliant,parser_present_unverified,family:BaseIcannCompliant,package-1
345,coop,delegated,Standard,whois.nic.coop,"",Whois::Parsers::WhoisNicCoop,Base,parser_present_unverified,family:Base,package-4
346,casa,delegated,Standard,whois.nic.casa,"",Whois::Parsers::Blank,Blank,parser_missing,host:whois.nic.casa,package-3
347,academy,delegated,Standard,whois.nic.academy,"",Whois::Parsers::Blank,Blank,parser_missing,host:whois.nic.academy,package-3
348,bayern,delegated,Standard,whois.nic.bayern,"",Whois::Parsers::Blank,Blank,parser_missing,host:whois.nic.bayern,package-4
349,fyi,delegated,Standard,whois.nic.fyi,"",Whois::Parsers::Blank,Blank,parser_missing,host:whois.nic.fyi,package-4
350,partners,delegated,Standard,whois.nic.partners,"",Whois::Parsers::Blank,Blank,parser_missing,host:whois.nic.partners,package-4
351,corp,undelegated,Unmapped,"","",Whois::Parsers::Blank,Blank,excluded_undelegated,row:351,package-1
352,marketing,delegated,Standard,whois.nic.marketing,"",Whois::Parsers::Blank,Blank,parser_missing,host:whois.nic.marketing,package-5
353,initplayback,undelegated,Unmapped,"","",Whois::Parsers::Blank,Blank,excluded_undelegated,row:353,package-2
354,engineering,delegated,Standard,whois.nic.engineering,"",Whois::Parsers::Blank,Blank,parser_missing,host:whois.nic.engineering,package-5
355,box,delegated,Standard,whois.aridnrs.net.au,"",Whois::Parsers::Blank,Blank,parser_missing,host:whois.aridnrs.net.au,package-5
356,audio,delegated,Standard,whois.uniregistry.net,"",Whois::Parsers::WhoisUniregistryNet,BaseIcannCompliant,parser_present_unverified,family:BaseIcannCompliant,package-1
357,city,delegated,Standard,whois.nic.city,"",Whois::Parsers::Blank,Blank,parser_missing,host:whois.nic.city,package-2
358,party,delegated,Standard,whois.nic.party,"",Whois::Parsers::Blank,Blank,parser_missing,host:whois.nic.party,package-1
359,files,undelegated,Unmapped,"","",Whois::Parsers::Blank,Blank,excluded_undelegated,row:359,package-3
360,gd,delegated,Standard,whois.nic.gd,"",Whois::Parsers::WhoisNicGd,BaseShared3,parser_present_unverified,family:BaseShared3,package-4
361,love,delegated,Standard,whois.nic.love,"",Whois::Parsers::Blank,Blank,parser_missing,host:whois.nic.love,package-3
362,pm,delegated,Standard,whois.nic.pm,"",Whois::Parsers::WhoisNicPm,BaseNicFr,parser_present_unverified,family:BaseNicFr,package-4
363,onion,special-use,Unmapped,"","",Whois::Parsers::Blank,Blank,excluded_special_use,row:363,package-4
364,pet,delegated,Standard,whois.afilias.net,"",Whois::Parsers::WhoisAfiliasNet,BaseAfilias2,parser_present_unverified,family:BaseAfilias2,package-2
365,localhost,special-use,Unmapped,"","",Whois::Parsers::Blank,Blank,excluded_special_use,row:365,package-5
366,monster,delegated,Standard,whois.nic.monster,"",Whois::Parsers::Blank,Blank,parser_missing,host:whois.nic.monster,package-3
367,money,delegated,Standard,whois.nic.money,"",Whois::Parsers::Blank,Blank,parser_missing,host:whois.nic.money,package-2
368,cool,delegated,Standard,whois.nic.cool,"",Whois::Parsers::Blank,Blank,parser_missing,host:whois.nic.cool,package-4
369,xn--p1ai,delegated,Standard,whois.tcinet.ru,"",Whois::Parsers::WhoisTcinetRu,Base,parser_present_unverified,family:Base,package-4
370,inc,delegated,Standard,whois.nic.inc,"",Whois::Parsers::Blank,Blank,parser_missing,host:whois.nic.inc,package-5
371,qpon,delegated,None,"","",Whois::Parsers::Blank,Blank,adapter_none_excluded,row:371,package-1
372,land,delegated,Standard,whois.nic.land,"",Whois::Parsers::Blank,Blank,parser_missing,host:whois.nic.land,package-4
373,watch,delegated,Standard,whois.nic.watch,"",Whois::Parsers::Blank,Blank,parser_missing,host:whois.nic.watch,package-1
374,gs,delegated,Standard,whois.nic.gs,"",Whois::Parsers::WhoisNicGs,BaseCocca2,parser_present_unverified,family:BaseCocca2,package-5
375,test,special-use,Unmapped,"","",Whois::Parsers::Blank,Blank,excluded_special_use,row:375,package-2
376,express,delegated,Standard,whois.nic.express,"",Whois::Parsers::Blank,Blank,parser_missing,host:whois.nic.express,package-4
377,energy,delegated,Standard,whois.nic.energy,"",Whois::Parsers::Blank,Blank,parser_missing,host:whois.nic.energy,package-3
378,ax,delegated,Standard,whois.ax,"",Whois::Parsers::WhoisAx,Base,parser_present_unverified,family:Base,package-4
379,llc,delegated,Standard,whois.afilias.net,"",Whois::Parsers::WhoisAfiliasNet,BaseAfilias2,parser_present_unverified,family:BaseAfilias2,package-2
380,trade,delegated,Standard,whois.nic.trade,"",Whois::Parsers::Blank,Blank,parser_missing,host:whois.nic.trade,package-5
381,international,delegated,Standard,whois.nic.international,"",Whois::Parsers::Blank,Blank,parser_missing,host:whois.nic.international,package-4
382,show,delegated,Standard,whois.nic.show,"",Whois::Parsers::Blank,Blank,parser_missing,host:whois.nic.show,package-5
383,exchange,delegated,Standard,whois.nic.exchange,"",Whois::Parsers::Blank,Blank,parser_missing,host:whois.nic.exchange,package-1
384,eus,delegated,Standard,whois.nic.eus,"",Whois::Parsers::Blank,Blank,parser_missing,host:whois.nic.eus,package-4
385,rest,delegated,Standard,whois.nic.rest,"",Whois::Parsers::Blank,Blank,parser_missing,host:whois.nic.rest,package-3
386,education,delegated,Standard,whois.nic.education,"",Whois::Parsers::Blank,Blank,parser_missing,host:whois.nic.education,package-2
387,tel,delegated,Standard,whois.nic.tel,"",Whois::Parsers::WhoisNicTel,BaseShared2,parser_present_unverified,family:BaseShared2,package-5
388,gold,delegated,Standard,whois.nic.gold,"",Whois::Parsers::Blank,Blank,parser_missing,host:whois.nic.gold,package-5
389,nexus,delegated,Standard,whois.nic.google,"",Whois::Parsers::Blank,Blank,parser_missing,host:whois.nic.google,package-3
390,beer,delegated,Standard,whois.nic.beer,"",Whois::Parsers::Blank,Blank,parser_missing,host:whois.nic.beer,package-2
391,casino,delegated,Standard,whois.nic.casino,"",Whois::Parsers::Blank,Blank,parser_missing,host:whois.nic.casino,package-5
392,dog,delegated,Standard,whois.nic.dog,"",Whois::Parsers::Blank,Blank,parser_missing,host:whois.nic.dog,package-3
393,press,delegated,Standard,whois.nic.press,"",Whois::Parsers::Blank,Blank,parser_missing,host:whois.nic.press,package-5
394,fan,delegated,Standard,whois.nic.fan,"",Whois::Parsers::Blank,Blank,parser_missing,host:whois.nic.fan,package-3
395,house,delegated,Standard,whois.nic.house,"",Whois::Parsers::Blank,Blank,parser_missing,host:whois.nic.house,package-2
396,expert,delegated,Standard,whois.nic.expert,"",Whois::Parsers::Blank,Blank,parser_missing,host:whois.nic.expert,package-2
397,cafe,delegated,Standard,whois.nic.cafe,"",Whois::Parsers::Blank,Blank,parser_missing,host:whois.nic.cafe,package-2
398,cash,delegated,Standard,whois.nic.cash,"",Whois::Parsers::Blank,Blank,parser_missing,host:whois.nic.cash,package-4
399,tf,delegated,Standard,whois.nic.fr,"",Whois::Parsers::WhoisNicFr,BaseNicFr,parser_present_unverified,family:BaseNicFr,package-4
400,community,delegated,Standard,whois.nic.community,"",Whois::Parsers::Blank,Blank,parser_missing,host:whois.nic.community,package-5
401,jobs,delegated,Verisign,whois.nic.jobs,"",Whois::Parsers::WhoisNicJobs,BaseVerisign,parser_present_unverified,family:BaseVerisign,package-2
402,homes,delegated,Standard,whois.afilias-srs.net,"",Whois::Parsers::WhoisAfiliasSrsNet,BaseIcannCompliant,parser_present_unverified,family:BaseIcannCompliant,package-1
403,mp,delegated,None,"","",Whois::Parsers::Blank,Blank,adapter_none_excluded,row:403,package-3
404,tokyo,delegated,Standard,whois.nic.tokyo,"",Whois::Parsers::Blank,Blank,parser_missing,host:whois.nic.tokyo,package-5
405,mo,delegated,Standard,whois.monic.mo,"",Whois::Parsers::WhoisMonicMo,Base,parser_present_unverified,family:Base,package-4
406,bot,delegated,Standard,whois.nic.bot,"",Whois::Parsers::Blank,Blank,parser_missing,host:whois.nic.bot,package-4
407,vision,delegated,Standard,whois.nic.vision,"",Whois::Parsers::Blank,Blank,parser_missing,host:whois.nic.vision,package-1
408,sx,delegated,Standard,whois.sx,"",Whois::Parsers::WhoisSx,Base,parser_present_unverified,family:Base,package-4
409,uno,delegated,Standard,whois.nic.uno,"",Whois::Parsers::Blank,Blank,parser_missing,host:whois.nic.uno,package-4
410,quest,delegated,Standard,whois.nic.quest,"",Whois::Parsers::Blank,Blank,parser_missing,host:whois.nic.quest,package-4
411,garden,delegated,Standard,whois.nic.garden,"",Whois::Parsers::Blank,Blank,parser_missing,host:whois.nic.garden,package-2
412,now,delegated,Standard,whois.nic.now,"",Whois::Parsers::Blank,Blank,parser_missing,host:whois.nic.now,package-2
413,microsoftofficehub,undelegated,Unmapped,"","",Whois::Parsers::Blank,Blank,excluded_undelegated,row:413,package-4
414,blue,delegated,Standard,whois.afilias.net,"",Whois::Parsers::WhoisAfiliasNet,BaseAfilias2,parser_present_unverified,family:BaseAfilias2,package-2
415,sy,delegated,Standard,whois.tld.sy,"",Whois::Parsers::WhoisTldSy,BaseCocca2,parser_present_unverified,family:BaseCocca2,package-5
416,undefined,undelegated,Unmapped,"","",Whois::Parsers::Blank,Blank,excluded_undelegated,row:416,package-5
417,photos,delegated,Standard,whois.nic.photos,"",Whois::Parsers::Blank,Blank,parser_missing,host:whois.nic.photos,package-4
418,swiss,delegated,Standard,whois.nic.swiss,"",Whois::Parsers::Blank,Blank,parser_missing,host:whois.nic.swiss,package-5
419,bar,delegated,Standard,whois.nic.bar,"",Whois::Parsers::Blank,Blank,parser_missing,host:whois.nic.bar,package-3
420,bond,delegated,Standard,whois.nic.bond,"",Whois::Parsers::Blank,Blank,parser_missing,host:whois.nic.bond,package-2
421,family,delegated,Standard,whois.nic.family,"",Whois::Parsers::Blank,Blank,parser_missing,host:whois.nic.family,package-2
422,foundation,delegated,Standard,whois.nic.foundation,"",Whois::Parsers::Blank,Blank,parser_missing,host:whois.nic.foundation,package-2
423,bike,delegated,Standard,whois.nic.bike,"",Whois::Parsers::Blank,Blank,parser_missing,host:whois.nic.bike,package-2
424,pizza,delegated,Standard,whois.nic.pizza,"",Whois::Parsers::Blank,Blank,parser_missing,host:whois.nic.pizza,package-2
425,mom,delegated,Standard,whois.uniregistry.net,"",Whois::Parsers::WhoisUniregistryNet,BaseIcannCompliant,parser_present_unverified,family:BaseIcannCompliant,package-1
426,earth,delegated,None,"","",Whois::Parsers::Blank,Blank,adapter_none_excluded,row:426,package-1
427,army,delegated,Standard,whois.nic.army,"",Whois::Parsers::Blank,Blank,parser_missing,host:whois.nic.army,package-3
428,school,delegated,Standard,whois.nic.school,"",Whois::Parsers::Blank,Blank,parser_missing,host:whois.nic.school,package-1
429,xin,delegated,Standard,whois.nic.xin,"",Whois::Parsers::Blank,Blank,parser_missing,host:whois.nic.xin,package-3
430,rip,delegated,Standard,whois.nic.rip,"",Whois::Parsers::Blank,Blank,parser_missing,host:whois.nic.rip,package-2
431,autos,delegated,Standard,whois.afilias.net,"",Whois::Parsers::WhoisAfiliasNet,BaseAfilias2,parser_present_unverified,family:BaseAfilias2,package-2
432,ooo,delegated,Standard,whois.nic.ooo,"",Whois::Parsers::Blank,Blank,parser_missing,host:whois.nic.ooo,package-2
433,coffee,delegated,Standard,whois.nic.coffee,"",Whois::Parsers::Blank,Blank,parser_missing,host:whois.nic.coffee,package-4
434,security,delegated,Standard,whois.nic.security,"",Whois::Parsers::Blank,Blank,parser_missing,host:whois.nic.security,package-1
435,golf,delegated,Standard,whois.nic.golf,"",Whois::Parsers::Blank,Blank,parser_missing,host:whois.nic.golf,package-1
436,download,delegated,Standard,whois.nic.download,"",Whois::Parsers::Blank,Blank,parser_missing,host:whois.nic.download,package-4
437,tips,delegated,Standard,whois.nic.tips,"",Whois::Parsers::Blank,Blank,parser_missing,host:whois.nic.tips,package-2
438,careers,delegated,Standard,whois.nic.careers,"",Whois::Parsers::Blank,Blank,parser_missing,host:whois.nic.careers,package-2
439,capital,delegated,Standard,whois.nic.capital,"",Whois::Parsers::Blank,Blank,parser_missing,host:whois.nic.capital,package-3
440,scot,delegated,Standard,whois.nic.scot,"",Whois::Parsers::Blank,Blank,parser_missing,host:whois.nic.scot,package-5
441,berlin,delegated,Standard,whois.nic.berlin,"",Whois::Parsers::Blank,Blank,parser_missing,host:whois.nic.berlin,package-3
442,porn,delegated,Standard,whois.afilias-srs.net,"",Whois::Parsers::WhoisAfiliasSrsNet,BaseIcannCompliant,parser_present_unverified,family:BaseIcannCompliant,package-1
443,guide,delegated,Standard,whois.nic.guide,"",Whois::Parsers::Blank,Blank,parser_missing,host:whois.nic.guide,package-1
444,farm,delegated,Standard,whois.nic.farm,"",Whois::Parsers::Blank,Blank,parser_missing,host:whois.nic.farm,package-5
445,sap,delegated,Standard,whois.nic.sap,"",Whois::Parsers::Blank,Blank,parser_missing,host:whois.nic.sap,package-3
446,boo,delegated,Standard,whois.nic.google,"",Whois::Parsers::Blank,Blank,parser_missing,host:whois.nic.google,package-3
447,church,delegated,Standard,whois.nic.church,"",Whois::Parsers::Blank,Blank,parser_missing,host:whois.nic.church,package-1
448,baby,delegated,Standard,whois.nic.baby,"",Whois::Parsers::Blank,Blank,parser_missing,host:whois.nic.baby,package-4
449,place,delegated,Standard,whois.nic.place,"",Whois::Parsers::Blank,Blank,parser_missing,host:whois.nic.place,package-3
450,nyc,delegated,Standard,whois.nic.nyc,"",Whois::Parsers::Blank,Blank,parser_missing,host:whois.nic.nyc,package-4
451,tube,delegated,None,"","",Whois::Parsers::Blank,Blank,adapter_none_excluded,row:451,package-2
452,legal,delegated,Standard,whois.nic.legal,"",Whois::Parsers::Blank,Blank,parser_missing,host:whois.nic.legal,package-4
453,fans,delegated,Standard,whois.nic.fans,"",Whois::Parsers::Blank,Blank,parser_missing,host:whois.nic.fans,package-4
454,gallery,delegated,Standard,whois.nic.gallery,"",Whois::Parsers::Blank,Blank,parser_missing,host:whois.nic.gallery,package-1
455,photo,delegated,Standard,whois.uniregistry.net,"",Whois::Parsers::WhoisUniregistryNet,BaseIcannCompliant,parser_present_unverified,family:BaseIcannCompliant,package-1
456,skin,delegated,Standard,whois.nic.skin,"",Whois::Parsers::Blank,Blank,parser_missing,host:whois.nic.skin,package-2
457,gq,delegated,Standard,whois.dominio.gq,"",Whois::Parsers::Blank,Blank,parser_missing,host:whois.dominio.gq,package-2
458,zip,delegated,Standard,whois.nic.google,"",Whois::Parsers::Blank,Blank,parser_missing,host:whois.nic.google,package-3
459,wang,delegated,Standard,whois.gtld.knet.cn,"",Whois::Parsers::Blank,Blank,parser_missing,host:whois.gtld.knet.cn,package-5
460,free,delegated,Standard,whois.nic.free,"",Whois::Parsers::Blank,Blank,parser_missing,host:whois.nic.free,package-4
461,nrw,delegated,Standard,whois.nic.nrw,"",Whois::Parsers::Blank,Blank,parser_missing,host:whois.nic.nrw,package-3
462,cab,delegated,Standard,whois.nic.cab,"",Whois::Parsers::Blank,Blank,parser_missing,host:whois.nic.cab,package-5
463,beauty,delegated,Standard,whois.nic.beauty,"",Whois::Parsers::Blank,Blank,parser_missing,host:whois.nic.beauty,package-5
464,surf,delegated,Standard,whois.nic.surf,"",Whois::Parsers::Blank,Blank,parser_missing,host:whois.nic.surf,package-3
465,dummy,undelegated,Unmapped,"","",Whois::Parsers::Blank,Blank,excluded_undelegated,row:465,package-3
466,science,delegated,Standard,whois.nic.science,"",Whois::Parsers::Blank,Blank,parser_missing,host:whois.nic.science,package-4
467,cards,delegated,Standard,whois.nic.cards,"",Whois::Parsers::Blank,Blank,parser_missing,host:whois.nic.cards,package-4
468,law,delegated,Standard,whois.nic.law,"",Whois::Parsers::Blank,Blank,parser_missing,host:whois.nic.law,package-1
469,con,undelegated,Unmapped,"","",Whois::Parsers::Blank,Blank,excluded_undelegated,row:469,package-4
470,gmbh,delegated,Standard,whois.nic.gmbh,"",Whois::Parsers::Blank,Blank,parser_missing,host:whois.nic.gmbh,package-4
471,sale,delegated,Standard,whois.nic.sale,"",Whois::Parsers::Blank,Blank,parser_missing,host:whois.nic.sale,package-1
472,deals,delegated,Standard,whois.nic.deals,"",Whois::Parsers::Blank,Blank,parser_missing,host:whois.nic.deals,package-2
473,london,delegated,Standard,whois.nic.london,"",Whois::Parsers::Blank,Blank,parser_missing,host:whois.nic.london,package-2
474,report,delegated,Standard,whois.nic.report,"",Whois::Parsers::Blank,Blank,parser_missing,host:whois.nic.report,package-1
475,pictures,delegated,Standard,whois.nic.pictures,"",Whois::Parsers::Blank,Blank,parser_missing,host:whois.nic.pictures,package-1
476,forum,delegated,Standard,whois.nic.forum,"",Whois::Parsers::Blank,Blank,parser_missing,host:whois.nic.forum,package-1
477,kim,delegated,Standard,whois.afilias.net,"",Whois::Parsers::WhoisAfiliasNet,BaseAfilias2,parser_present_unverified,family:BaseAfilias2,package-2
478,comhttp,undelegated,Unmapped,"","",Whois::Parsers::Blank,Blank,excluded_undelegated,row:478,package-5
479,men,delegated,Standard,whois.nic.men,"",Whois::Parsers::Blank,Blank,parser_missing,host:whois.nic.men,package-5
480,webcam,delegated,Standard,whois.nic.webcam,"",Whois::Parsers::Blank,Blank,parser_missing,host:whois.nic.webcam,package-2
481,style,delegated,Standard,whois.nic.style,"",Whois::Parsers::Blank,Blank,parser_missing,host:whois.nic.style,package-3
482,town,delegated,Standard,whois.nic.town,"",Whois::Parsers::Blank,Blank,parser_missing,host:whois.nic.town,package-2
483,eco,delegated,Standard,whois.nic.eco,"",Whois::Parsers::Blank,Blank,parser_missing,host:whois.nic.eco,package-1
484,bank,delegated,Standard,whois.nic.bank,"",Whois::Parsers::Blank,Blank,parser_missing,host:whois.nic.bank,package-2
485,ing,delegated,Standard,whois.nic.google,"",Whois::Parsers::Blank,Blank,parser_missing,host:whois.nic.google,package-3
486,day,delegated,Standard,whois.nic.google,"",Whois::Parsers::Blank,Blank,parser_missing,host:whois.nic.google,package-3
487,desi,delegated,Standard,whois.nic.desi,"",Whois::Parsers::Blank,Blank,parser_missing,host:whois.nic.desi,package-2
488,directory,delegated,Standard,whois.nic.directory,"",Whois::Parsers::Blank,Blank,parser_missing,host:whois.nic.directory,package-4
489,study,delegated,Standard,whois.nic.study,"",Whois::Parsers::Blank,Blank,parser_missing,host:whois.nic.study,package-2
490,wine,delegated,Standard,whois.nic.wine,"",Whois::Parsers::Blank,Blank,parser_missing,host:whois.nic.wine,package-1
491,parts,delegated,Standard,whois.nic.parts,"",Whois::Parsers::Blank,Blank,parser_missing,host:whois.nic.parts,package-5
492,solar,delegated,Standard,whois.nic.solar,"",Whois::Parsers::Blank,Blank,parser_missing,host:whois.nic.solar,package-1
493,gay,delegated,Unmapped,"","",Whois::Parsers::Blank,Blank,no_server_mapping,row:493,package-1
494,gal,delegated,Standard,whois.nic.gal,"",Whois::Parsers::Blank,Blank,parser_missing,host:whois.nic.gal,package-5
495,ist,delegated,Standard,whois.afilias-srs.net,"",Whois::Parsers::WhoisAfiliasSrsNet,BaseIcannCompliant,parser_present_unverified,family:BaseIcannCompliant,package-1
496,industries,delegated,Standard,whois.nic.industries,"",Whois::Parsers::Blank,Blank,parser_missing,host:whois.nic.industries,package-1
497,menu,delegated,Standard,whois.nic.menu,"",Whois::Parsers::Blank,Blank,parser_missing,host:whois.nic.menu,package-1
498,clinic,delegated,Standard,whois.nic.clinic,"",Whois::Parsers::Blank,Blank,parser_missing,host:whois.nic.clinic,package-5
499,management,delegated,Standard,whois.nic.management,"",Whois::Parsers::Blank,Blank,parser_missing,host:whois.nic.management,package-4
500,ruhr,delegated,Standard,whois.nic.ruhr,"",Whois::Parsers::Blank,Blank,parser_missing,host:whois.nic.ruhr,package-4
501,pink,delegated,Standard,whois.afilias.net,"",Whois::Parsers::WhoisAfiliasNet,BaseAfilias2,parser_present_unverified,family:BaseAfilias2,package-2
502,nc,delegated,Standard,whois.nc,"",Whois::Parsers::WhoisNc,Base,parser_present_unverified,family:Base,package-4
503,date,delegated,Standard,whois.nic.date,"",Whois::Parsers::Blank,Blank,parser_missing,host:whois.nic.date,package-4
504,computer,delegated,Standard,whois.nic.computer,"",Whois::Parsers::Blank,Blank,parser_missing,host:whois.nic.computer,package-2
505,institute,delegated,Standard,whois.nic.institute,"",Whois::Parsers::Blank,Blank,parser_missing,host:whois.nic.institute,package-2
506,band,delegated,Standard,whois.nic.band,"",Whois::Parsers::Blank,Blank,parser_missing,host:whois.nic.band,package-5
507,vin,delegated,Standard,whois.nic.vin,"",Whois::Parsers::Blank,Blank,parser_missing,host:whois.nic.vin,package-5
508,hair,delegated,None,"","",Whois::Parsers::Blank,Blank,adapter_none_excluded,row:508,package-2
509,boutique,delegated,Standard,whois.nic.boutique,"",Whois::Parsers::Blank,Blank,parser_missing,host:whois.nic.boutique,package-5
510,camera,delegated,Standard,whois.nic.camera,"",Whois::Parsers::Blank,Blank,parser_missing,host:whois.nic.camera,package-4
511,adsl,undelegated,Unmapped,"","",Whois::Parsers::Blank,Blank,excluded_undelegated,row:511,package-3
512,vet,delegated,Standard,whois.nic.vet,"",Whois::Parsers::Blank,Blank,parser_missing,host:whois.nic.vet,package-2
513,dating,delegated,Standard,whois.nic.dating,"",Whois::Parsers::Blank,Blank,parser_missing,host:whois.nic.dating,package-5
514,rent,delegated,Standard,whois.nic.rent,"",Whois::Parsers::Blank,Blank,parser_missing,host:whois.nic.rent,package-3
515,fitness,delegated,Standard,whois.nic.fitness,"",Whois::Parsers::Blank,Blank,parser_missing,host:whois.nic.fitness,package-5
516,fund,delegated,Standard,whois.nic.fund,"",Whois::Parsers::Blank,Blank,parser_missing,host:whois.nic.fund,package-1
517,green,delegated,Standard,whois.afilias.net,"",Whois::Parsers::WhoisAfiliasNet,BaseAfilias2,parser_present_unverified,family:BaseAfilias2,package-2
518,supply,delegated,Standard,whois.nic.supply,"",Whois::Parsers::Blank,Blank,parser_missing,host:whois.nic.supply,package-1
519,consulting,delegated,Standard,whois.nic.consulting,"",Whois::Parsers::Blank,Blank,parser_missing,host:whois.nic.consulting,package-5
520,builders,delegated,Standard,whois.nic.builders,"",Whois::Parsers::Blank,Blank,parser_missing,host:whois.nic.builders,package-2
521,sport,delegated,Standard,whois.nic.sport,"",Whois::Parsers::Blank,Blank,parser_missing,host:whois.nic.sport,package-2
522,fish,delegated,Standard,whois.nic.fish,"",Whois::Parsers::Blank,Blank,parser_missing,host:whois.nic.fish,package-2
523,photography,delegated,Standard,whois.nic.photography,"",Whois::Parsers::Blank,Blank,parser_missing,host:whois.nic.photography,package-3
524,wales,delegated,Standard,whois.nic.wales,"",Whois::Parsers::Blank,Blank,parser_missing,host:whois.nic.wales,package-5
525,lc,delegated,Afilias,whois.afilias-grs.info,"",Whois::Parsers::WhoisAfiliasGrsInfo,BaseAfilias,parser_present_unverified,family:BaseAfilias,package-5
526,bradesco,delegated,Standard,whois.nic.bradesco,"",Whois::Parsers::Blank,Blank,parser_missing,host:whois.nic.bradesco,package-2
527,pf,delegated,Standard,whois.registry.pf,"",Whois::Parsers::Blank,Blank,parser_missing,host:whois.registry.pf,package-2
528,shopping,delegated,Standard,whois.nic.shopping,"",Whois::Parsers::Blank,Blank,parser_missing,host:whois.nic.shopping,package-4
529,dad,delegated,Standard,whois.nic.google,"",Whois::Parsers::Blank,Blank,parser_missing,host:whois.nic.google,package-3
530,cymru,delegated,Standard,whois.nic.cymru,"",Whois::Parsers::Blank,Blank,parser_missing,host:whois.nic.cymru,package-5
531,coach,delegated,Standard,whois.nic.coach,"",Whois::Parsers::Blank,Blank,parser_missing,host:whois.nic.coach,package-2
532,promo,delegated,Standard,whois.afilias.net,"",Whois::Parsers::WhoisAfiliasNet,BaseAfilias2,parser_present_unverified,family:BaseAfilias2,package-2
533,estate,delegated,Standard,whois.nic.estate,"",Whois::Parsers::Blank,Blank,parser_missing,host:whois.nic.estate,package-3
534,mc,delegated,None,"","",Whois::Parsers::Blank,Blank,adapter_none_excluded,row:534,package-4
535,training,delegated,Standard,whois.nic.training,"",Whois::Parsers::Blank,Blank,parser_missing,host:whois.nic.training,package-2
536,tours,delegated,Standard,whois.nic.tours,"",Whois::Parsers::Blank,Blank,parser_missing,host:whois.nic.tours,package-1
537,godaddy,delegated,Standard,whois.afilias-srs.net,"",Whois::Parsers::WhoisAfiliasSrsNet,BaseIcannCompliant,parser_present_unverified,family:BaseIcannCompliant,package-1
538,radio,delegated,Standard,whois.nic.radio,"",Whois::Parsers::Blank,Blank,parser_missing,host:whois.nic.radio,package-1
539,film,delegated,Standard,whois.nic.film,"",Whois::Parsers::Blank,Blank,parser_missing,host:whois.nic.film,package-4
540,gle,delegated,Standard,whois.nic.google,"",Whois::Parsers::Blank,Blank,parser_missing,host:whois.nic.google,package-3
541,yachts,delegated,Standard,whois.afilias-srs.net,"",Whois::Parsers::WhoisAfiliasSrsNet,BaseIcannCompliant,parser_present_unverified,family:BaseIcannCompliant,package-1
542,mov,delegated,Standard,whois.nic.google,"",Whois::Parsers::Blank,Blank,parser_missing,host:whois.nic.google,package-3
543,college,delegated,Standard,whois.nic.college,"",Whois::Parsers::WhoisNicCollege,WhoisCentralnicCom,parser_present_unverified,family:WhoisCentralnicCom,package-4
544,boats,delegated,Standard,whois.afilias-srs.net,"",Whois::Parsers::WhoisAfiliasSrsNet,BaseIcannCompliant,parser_present_unverified,family:BaseIcannCompliant,package-1
545,comhttps,undelegated,Unmapped,"","",Whois::Parsers::Blank,Blank,excluded_undelegated,row:545,package-5
546,lgbt,delegated,Standard,whois.afilias.net,"",Whois::Parsers::WhoisAfiliasNet,BaseAfilias2,parser_present_unverified,family:BaseAfilias2,package-2
547,sex,delegated,Standard,whois.afilias-srs.net,"",Whois::Parsers::WhoisAfiliasSrsNet,BaseIcannCompliant,parser_present_unverified,family:BaseIcannCompliant,package-1
548,courses,delegated,Standard,whois.aridnrs.net.au,"",Whois::Parsers::Blank,Blank,parser_missing,host:whois.aridnrs.net.au,package-5
549,sd,delegated,None,"","",Whois::Parsers::Blank,Blank,adapter_none_excluded,row:549,package-1
550,auction,delegated,Standard,whois.nic.auction,"",Whois::Parsers::Blank,Blank,parser_missing,host:whois.nic.auction,package-2
551,loan,delegated,Standard,whois.nic.loan,"",Whois::Parsers::Blank,Blank,parser_missing,host:whois.nic.loan,package-4
552,yoga,delegated,Standard,whois.nic.yoga,"",Whois::Parsers::Blank,Blank,parser_missing,host:whois.nic.yoga,package-2
553,yt,delegated,Standard,whois.nic.yt,"",Whois::Parsers::Blank,Blank,parser_missing,host:whois.nic.yt,package-5
554,fashion,delegated,Standard,whois.nic.fashion,"",Whois::Parsers::Blank,Blank,parser_missing,host:whois.nic.fashion,package-1
555,amsterdam,delegated,Standard,whois.nic.amsterdam,"",Whois::Parsers::Blank,Blank,parser_missing,host:whois.nic.amsterdam,package-5
556,loc,undelegated,Unmapped,"","",Whois::Parsers::Blank,Blank,excluded_undelegated,row:556,package-2
557,ns,undelegated,Unmapped,"","",Whois::Parsers::Blank,Blank,excluded_undelegated,row:557,package-3
558,paris,delegated,Standard,whois-paris.nic.fr,"",Whois::Parsers::Blank,Blank,parser_missing,host:whois-paris.nic.fr,package-5
559,jetzt,delegated,None,whois.nic.jetzt,"",Whois::Parsers::Blank,Blank,adapter_none_excluded,host:whois.nic.jetzt,package-2
560,globo,delegated,Standard,whois.gtlds.nic.br,"",Whois::Parsers::Blank,Blank,parser_missing,host:whois.gtlds.nic.br,package-4
561,ventures,delegated,Standard,whois.nic.ventures,"",Whois::Parsers::Blank,Blank,parser_missing,host:whois.nic.ventures,package-1
562,university,delegated,Standard,whois.nic.university,"",Whois::Parsers::Blank,Blank,parser_missing,host:whois.nic.university,package-3
563,braze,undelegated,Unmapped,"","",Whois::Parsers::Blank,Blank,excluded_undelegated,row:563,package-4
564,kitchen,delegated,Standard,whois.nic.kitchen,"",Whois::Parsers::Blank,Blank,parser_missing,host:whois.nic.kitchen,package-5
565,mi,undelegated,Unmapped,"","",Whois::Parsers::Blank,Blank,excluded_undelegated,row:565,package-5
566,camp,delegated,Standard,whois.nic.camp,"",Whois::Parsers::Blank,Blank,parser_missing,host:whois.nic.camp,package-5
567,new,delegated,Standard,whois.nic.google,"",Whois::Parsers::Blank,Blank,parser_missing,host:whois.nic.google,package-3
568,tax,delegated,Standard,whois.nic.tax,"",Whois::Parsers::Blank,Blank,parser_missing,host:whois.nic.tax,package-5
569,kiwi,delegated,Standard,whois.nic.kiwi,"",Whois::Parsers::Blank,Blank,parser_missing,host:whois.nic.kiwi,package-1
570,immo,delegated,Standard,whois.nic.immo,"",Whois::Parsers::Blank,Blank,parser_missing,host:whois.nic.immo,package-3
571,taxi,delegated,Standard,whois.nic.taxi,"",Whois::Parsers::Blank,Blank,parser_missing,host:whois.nic.taxi,package-1
572,dental,delegated,Standard,whois.nic.dental,"",Whois::Parsers::Blank,Blank,parser_missing,host:whois.nic.dental,package-5
573,black,delegated,Standard,whois.afilias.net,"",Whois::Parsers::WhoisAfiliasNet,BaseAfilias2,parser_present_unverified,family:BaseAfilias2,package-2
574,reviews,delegated,Standard,whois.nic.reviews,"",Whois::Parsers::Blank,Blank,parser_missing,host:whois.nic.reviews,package-1
575,bm,delegated,Web,"",http://www.bermudanic.bm/cgi-bin/lansaweb?procfun+BMWHO+BMWHO2+WHO,Whois::Parsers::Blank,Blank,web_adapter_excluded,row:575,package-1
576,toys,delegated,Standard,whois.nic.toys,"",Whois::Parsers::Blank,Blank,parser_missing,host:whois.nic.toys,package-4
577,makeup,delegated,Standard,whois.nic.makeup,"",Whois::Parsers::Blank,Blank,parser_missing,host:whois.nic.makeup,package-2
578,markets,delegated,Standard,whois.nic.markets,"",Whois::Parsers::Blank,Blank,parser_missing,host:whois.nic.markets,package-1
579,auto,delegated,Standard,whois.uniregistry.net,"",Whois::Parsers::WhoisUniregistryNet,BaseIcannCompliant,parser_present_unverified,family:BaseIcannCompliant,package-1
580,movie,delegated,Standard,whois.nic.movie,"",Whois::Parsers::Blank,Blank,parser_missing,host:whois.nic.movie,package-1
581,bzh,delegated,Standard,whois.nic.bzh,"",Whois::Parsers::Blank,Blank,parser_missing,host:whois.nic.bzh,package-4
582,svc,undelegated,Unmapped,"","",Whois::Parsers::Blank,Blank,excluded_undelegated,row:582,package-2
583,dance,delegated,Standard,whois.nic.dance,"",Whois::Parsers::Blank,Blank,parser_missing,host:whois.nic.dance,package-2
584,tld,undelegated,Unmapped,"","",Whois::Parsers::Blank,Blank,excluded_undelegated,row:584,package-3
585,ngo,delegated,Standard,whois.publicinterestregistry.net,"",Whois::Parsers::Blank,Blank,parser_missing,host:whois.publicinterestregistry.net,package-4
586,ky,delegated,Standard,whois.kyregistry.ky,"",Whois::Parsers::Blank,Blank,parser_missing,host:whois.kyregistry.ky,package-4
587,sz,delegated,None,"","",Whois::Parsers::Blank,Blank,adapter_none_excluded,row:587,package-4
588,ceo,delegated,Standard,whois.nic.ceo,"",Whois::Parsers::Blank,Blank,parser_missing,host:whois.nic.ceo,package-3
589,engineer,delegated,Standard,whois.nic.engineer,"",Whois::Parsers::Blank,Blank,parser_missing,host:whois.nic.engineer,package-4
590,comnull,undelegated,Unmapped,"","",Whois::Parsers::Blank,Blank,excluded_undelegated,row:590,package-5
591,ren,delegated,None,"","",Whois::Parsers::Blank,Blank,adapter_none_excluded,row:591,package-1
592,moscow,delegated,Standard,whois.nic.moscow,"",Whois::Parsers::Blank,Blank,parser_missing,host:whois.nic.moscow,package-5
593,srl,delegated,Standard,whois.afilias-srs.net,"",Whois::Parsers::WhoisAfiliasSrsNet,BaseIcannCompliant,parser_present_unverified,family:BaseIcannCompliant,package-1
594,limited,delegated,Standard,whois.nic.limited,"",Whois::Parsers::Blank,Blank,parser_missing,host:whois.nic.limited,package-2
595,football,delegated,Standard,whois.nic.football,"",Whois::Parsers::Blank,Blank,parser_missing,host:whois.nic.football,package-3
596,brussels,delegated,Standard,whois.nic.brussels,"",Whois::Parsers::Blank,Blank,parser_missing,host:whois.nic.brussels,package-4
597,how,delegated,Standard,whois.nic.google,"",Whois::Parsers::Blank,Blank,parser_missing,host:whois.nic.google,package-3
598,review,delegated,Standard,whois.nic.review,"",Whois::Parsers::Blank,Blank,parser_missing,host:whois.nic.review,package-5
599,properties,delegated,Standard,whois.nic.properties,"",Whois::Parsers::Blank,Blank,parser_missing,host:whois.nic.properties,package-2
600,horse,delegated,Standard,whois.nic.horse,"",Whois::Parsers::Blank,Blank,parser_missing,host:whois.nic.horse,package-4
601,omada,undelegated,Unmapped,"","",Whois::Parsers::Blank,Blank,excluded_undelegated,row:601,package-2
602,food,delegated,None,"","",Whois::Parsers::Blank,Blank,adapter_none_excluded,row:602,package-3
603,php,undelegated,Unmapped,"","",Whois::Parsers::Blank,Blank,excluded_undelegated,row:603,package-4
604,wien,delegated,Standard,whois.nic.wien,"",Whois::Parsers::Blank,Blank,parser_missing,host:whois.nic.wien,package-4
605,audi,delegated,Standard,whois.afilias-srs.net,"",Whois::Parsers::WhoisAfiliasSrsNet,BaseIcannCompliant,parser_present_unverified,family:BaseIcannCompliant,package-1
606,gift,delegated,Standard,whois.uniregistry.net,"",Whois::Parsers::WhoisUniregistryNet,BaseIcannCompliant,parser_present_unverified,family:BaseIcannCompliant,package-1
607,living,delegated,None,"","",Whois::Parsers::Blank,Blank,adapter_none_excluded,row:607,package-5
608,museum,delegated,Standard,whois.nic.museum,"",Whois::Parsers::Blank,Blank,parser_missing,host:whois.nic.museum,package-3
609,rodeo,delegated,Standard,whois.nic.rodeo,"",Whois::Parsers::Blank,Blank,parser_missing,host:whois.nic.rodeo,package-3
610,html,undelegated,Unmapped,"","",Whois::Parsers::Blank,Blank,excluded_undelegated,row:610,package-1
611,koeln,delegated,Standard,whois.ryce-rsp.com,"",Whois::Parsers::Blank,Blank,parser_missing,host:whois.ryce-rsp.com,package-5
612,wedding,delegated,Standard,whois.nic.wedding,"",Whois::Parsers::Blank,Blank,parser_missing,host:whois.nic.wedding,package-3
613,fail,delegated,Standard,whois.nic.fail,"",Whois::Parsers::Blank,Blank,parser_missing,host:whois.nic.fail,package-5
614,bingo,delegated,Standard,whois.nic.bingo,"",Whois::Parsers::Blank,Blank,parser_missing,host:whois.nic.bingo,package-3
615,financial,delegated,Standard,whois.nic.financial,"",Whois::Parsers::Blank,Blank,parser_missing,host:whois.nic.financial,package-1
616,motorcycles,delegated,Standard,whois.afilias-srs.net,"",Whois::Parsers::WhoisAfiliasSrsNet,BaseIcannCompliant,parser_present_unverified,family:BaseIcannCompliant,package-1
617,quebec,delegated,Standard,whois.nic.quebec,"",Whois::Parsers::Blank,Blank,parser_missing,host:whois.nic.quebec,package-3
618,schwarz,delegated,Standard,whois.nic.schwarz,"",Whois::Parsers::Blank,Blank,parser_missing,host:whois.nic.schwarz,package-3
619,sexy,delegated,Standard,whois.uniregistry.net,"",Whois::Parsers::WhoisUniregistryNet,BaseIcannCompliant,parser_present_unverified,family:BaseIcannCompliant,package-1
620,xn--p1acf,delegated,Standard,whois.nic.xn--p1acf,"",Whois::Parsers::Blank,Blank,parser_missing,host:whois.nic.xn--p1acf,package-4
621,you,delegated,Standard,whois.nic.you,"",Whois::Parsers::Blank,Blank,parser_missing,host:whois.nic.you,package-4
622,restaurant,delegated,Standard,whois.nic.restaurant,"",Whois::Parsers::Blank,Blank,parser_missing,host:whois.nic.restaurant,package-4
623,contact,delegated,Standard,whois.nic.contact,"",Whois::Parsers::Blank,Blank,parser_missing,host:whois.nic.contact,package-1
624,basketball,delegated,Standard,whois.nic.basketball,"",Whois::Parsers::Blank,Blank,parser_missing,host:whois.nic.basketball,package-3
625,http,undelegated,Unmapped,"","",Whois::Parsers::Blank,Blank,excluded_undelegated,row:625,package-2
626,gifts,delegated,Standard,whois.nic.gifts,"",Whois::Parsers::Blank,Blank,parser_missing,host:whois.nic.gifts,package-5
627,mba,delegated,Standard,whois.nic.mba,"",Whois::Parsers::Blank,Blank,parser_missing,host:whois.nic.mba,package-2
628,christmas,delegated,Standard,whois.uniregistry.net,"",Whois::Parsers::WhoisUniregistryNet,BaseIcannCompliant,parser_present_unverified,family:BaseIcannCompliant,package-1
629,enterprises,delegated,Standard,whois.nic.enterprises,"",Whois::Parsers::Blank,Blank,parser_missing,host:whois.nic.enterprises,package-1
630,vegas,delegated,Standard,whois.afilias-srs.net,"",Whois::Parsers::WhoisAfiliasSrsNet,BaseIcannCompliant,parser_present_unverified,family:BaseIcannCompliant,package-1
631,vote,delegated,Standard,whois.afilias.net,"",Whois::Parsers::WhoisAfiliasNet,BaseAfilias2,parser_present_unverified,family:BaseAfilias2,package-2
632,col,undelegated,Unmapped,"","",Whois::Parsers::Blank,Blank,excluded_undelegated,row:632,package-3
633,clothing,delegated,Standard,whois.nic.clothing,"",Whois::Parsers::Blank,Blank,parser_missing,host:whois.nic.clothing,package-1
634,tattoo,delegated,Standard,whois.uniregistry.net,"",Whois::Parsers::WhoisUniregistryNet,BaseIcannCompliant,parser_present_unverified,family:BaseIcannCompliant,package-1
635,haus,delegated,Standard,whois.nic.haus,"",Whois::Parsers::Blank,Blank,parser_missing,host:whois.nic.haus,package-4
636,healthcare,delegated,Standard,whois.nic.healthcare,"",Whois::Parsers::Blank,Blank,parser_missing,host:whois.nic.healthcare,package-5
637,as132673,undelegated,Unmapped,"","",Whois::Parsers::Blank,Blank,excluded_undelegated,row:637,package-4
638,rentals,delegated,Standard,whois.nic.rentals,"",Whois::Parsers::Blank,Blank,parser_missing,host:whois.nic.rentals,package-4
639,investments,delegated,Standard,whois.nic.investments,"",Whois::Parsers::Blank,Blank,parser_missing,host:whois.nic.investments,package-5
640,intra,undelegated,Unmapped,"","",Whois::Parsers::Blank,Blank,excluded_undelegated,row:640,package-5
641,realtor,delegated,None,"","",Whois::Parsers::Blank,Blank,adapter_none_excluded,row:641,package-1
642,realestate,delegated,Standard,whois.nic.realestate,"",Whois::Parsers::Blank,Blank,parser_missing,host:whois.nic.realestate,package-2
643,shoes,delegated,Standard,whois.nic.shoes,"",Whois::Parsers::Blank,Blank,parser_missing,host:whois.nic.shoes,package-3
644,ski,delegated,Standard,whois.afilias.net,"",Whois::Parsers::WhoisAfiliasNet,BaseAfilias2,parser_present_unverified,family:BaseAfilias2,package-2
645,foo,delegated,Standard,whois.nic.google,"",Whois::Parsers::Blank,Blank,parser_missing,host:whois.nic.google,package-3
646,ye,delegated,None,"","",Whois::Parsers::Blank,Blank,adapter_none_excluded,row:646,package-2
647,workgroup,undelegated,Unmapped,"","",Whois::Parsers::Blank,Blank,excluded_undelegated,row:647,package-3
648,forsale,delegated,Standard,whois.nic.forsale,"",Whois::Parsers::Blank,Blank,parser_missing,host:whois.nic.forsale,package-5
649,dlink,undelegated,Unmapped,"","",Whois::Parsers::Blank,Blank,excluded_undelegated,row:649,package-4
650,gratis,delegated,Standard,whois.nic.gratis,"",Whois::Parsers::Blank,Blank,parser_missing,host:whois.nic.gratis,package-4
651,sky,delegated,Standard,whois.nic.sky,"",Whois::Parsers::Blank,Blank,parser_missing,host:whois.nic.sky,package-3
652,cw,delegated,None,"","",Whois::Parsers::Blank,Blank,adapter_none_excluded,row:652,package-5
653,holdings,delegated,Standard,whois.nic.holdings,"",Whois::Parsers::Blank,Blank,parser_missing,host:whois.nic.holdings,package-2
654,trading,delegated,Standard,whois.nic.trading,"",Whois::Parsers::Blank,Blank,parser_missing,host:whois.nic.trading,package-1
655,lgwebostv,undelegated,Unmapped,"","",Whois::Parsers::Blank,Blank,excluded_undelegated,row:655,package-1
656,coupons,delegated,Standard,whois.nic.coupons,"",Whois::Parsers::Blank,Blank,parser_missing,host:whois.nic.coupons,package-5
657,adult,delegated,Standard,whois.afilias-srs.net,"",Whois::Parsers::WhoisAfiliasSrsNet,BaseIcannCompliant,parser_present_unverified,family:BaseIcannCompliant,package-1
658,music,delegated,Unmapped,"","",Whois::Parsers::Blank,Blank,no_server_mapping,row:658,package-2
659,racing,delegated,Standard,whois.nic.racing,"",Whois::Parsers::Blank,Blank,parser_missing,host:whois.nic.racing,package-5
660,meme,delegated,Standard,whois.nic.google,"",Whois::Parsers::Blank,Blank,parser_missing,host:whois.nic.google,package-3
661,va,delegated,None,"","",Whois::Parsers::Blank,Blank,adapter_none_excluded,row:661,package-3
662,barcelona,delegated,Standard,whois.nic.barcelona,"",Whois::Parsers::Blank,Blank,parser_missing,host:whois.nic.barcelona,package-4
663,poker,delegated,Standard,whois.afilias.net,"",Whois::Parsers::WhoisAfiliasNet,BaseAfilias2,parser_present_unverified,family:BaseAfilias2,package-2
664,miami,delegated,Standard,whois.nic.miami,"",Whois::Parsers::Blank,Blank,parser_missing,host:whois.nic.miami,package-2
665,www,undelegated,Unmapped,"","",Whois::Parsers::Blank,Blank,excluded_undelegated,row:665,package-4
666,recipes,delegated,Standard,whois.nic.recipes,"",Whois::Parsers::Blank,Blank,parser_missing,host:whois.nic.recipes,package-4
667,repair,delegated,Standard,whois.nic.repair,"",Whois::Parsers::Blank,Blank,parser_missing,host:whois.nic.repair,package-5
668,taipei,delegated,Standard,whois.nic.taipei,"",Whois::Parsers::Blank,Blank,parser_missing,host:whois.nic.taipei,package-2
669,kids,delegated,Unmapped,"","",Whois::Parsers::Blank,Blank,no_server_mapping,row:669,package-5
670,irish,delegated,Standard,whois.nic.irish,"",Whois::Parsers::Blank,Blank,parser_missing,host:whois.nic.irish,package-1
671,faith,delegated,Standard,whois.nic.faith,"",Whois::Parsers::Blank,Blank,parser_missing,host:whois.nic.faith,package-1
672,vlaanderen,delegated,Standard,whois.nic.vlaanderen,"",Whois::Parsers::Blank,Blank,parser_missing,host:whois.nic.vlaanderen,package-2
673,glass,delegated,Standard,whois.nic.glass,"",Whois::Parsers::Blank,Blank,parser_missing,host:whois.nic.glass,package-3
674,schule,delegated,Standard,whois.nic.schule,"",Whois::Parsers::Blank,Blank,parser_missing,host:whois.nic.schule,package-2
675,bb,delegated,Web,"",http://whois.telecoms.gov.bb/search_domain.php,Whois::Parsers::Blank,Blank,web_adapter_excluded,row:675,package-1
676,productions,delegated,Standard,whois.nic.productions,"",Whois::Parsers::Blank,Blank,parser_missing,host:whois.nic.productions,package-1
677,loans,delegated,Standard,whois.nic.loans,"",Whois::Parsers::Blank,Blank,parser_missing,host:whois.nic.loans,package-5
678,insure,delegated,Standard,whois.nic.insure,"",Whois::Parsers::Blank,Blank,parser_missing,host:whois.nic.insure,package-3
679,salon,delegated,Standard,whois.nic.salon,"",Whois::Parsers::Blank,Blank,parser_missing,host:whois.nic.salon,package-2
680,hamburg,delegated,Standard,whois.nic.hamburg,"",Whois::Parsers::Blank,Blank,parser_missing,host:whois.nic.hamburg,package-3
681,gateway,undelegated,Unmapped,"","",Whois::Parsers::Blank,Blank,excluded_undelegated,row:681,package-2
682,wlan0,undelegated,Unmapped,"","",Whois::Parsers::Blank,Blank,excluded_undelegated,row:682,package-3
683,doctor,delegated,Standard,whois.nic.doctor,"",Whois::Parsers::Blank,Blank,parser_missing,host:whois.nic.doctor,package-2
684,gives,delegated,Standard,whois.nic.gives,"",Whois::Parsers::Blank,Blank,parser_missing,host:whois.nic.gives,package-1
685,lighting,delegated,Standard,whois.nic.lighting,"",Whois::Parsers::Blank,Blank,parser_missing,host:whois.nic.lighting,package-1
686,mr,delegated,None,whois.nic.mr,"",Whois::Parsers::Blank,Blank,adapter_none_excluded,host:whois.nic.mr,package-2
687,property,delegated,Standard,whois.uniregistry.net,"",Whois::Parsers::WhoisUniregistryNet,BaseIcannCompliant,parser_present_unverified,family:BaseIcannCompliant,package-1
688,istanbul,delegated,Standard,whois.afilias-srs.net,"",Whois::Parsers::WhoisAfiliasSrsNet,BaseIcannCompliant,parser_present_unverified,family:BaseIcannCompliant,package-1
689,gdn,delegated,Standard,whois.nic.gdn,"",Whois::Parsers::Blank,Blank,parser_missing,host:whois.nic.gdn,package-3
690,diy,delegated,Standard,whois.nic.diy,"",Whois::Parsers::Blank,Blank,parser_missing,host:whois.nic.diy,package-1
691,xn--fiqs8s,delegated,Standard,cwhois.cnnic.cn,"",Whois::Parsers::Blank,Blank,parser_missing,host:cwhois.cnnic.cn,package-5
692,credit,delegated,Standard,whois.nic.credit,"",Whois::Parsers::Blank,Blank,parser_missing,host:whois.nic.credit,package-1
693,moda,delegated,Standard,whois.nic.moda,"",Whois::Parsers::Blank,Blank,parser_missing,host:whois.nic.moda,package-4
694,mail,undelegated,Unmapped,"","",Whois::Parsers::Blank,Blank,excluded_undelegated,row:694,package-4
695,observer,delegated,Standard,whois.nic.observer,"",Whois::Parsers::Blank,Blank,parser_missing,host:whois.nic.observer,package-5
696,domain,undelegated,Unmapped,"","",Whois::Parsers::Blank,Blank,excluded_undelegated,row:696,package-5
697,graphics,delegated,Standard,whois.nic.graphics,"",Whois::Parsers::Blank,Blank,parser_missing,host:whois.nic.graphics,package-3
698,frl,delegated,Standard,whois.nic.frl,"",Whois::Parsers::Blank,Blank,parser_missing,host:whois.nic.frl,package-5
699,limo,delegated,Standard,whois.nic.limo,"",Whois::Parsers::Blank,Blank,parser_missing,host:whois.nic.limo,package-3
700,olk,undelegated,Unmapped,"","",Whois::Parsers::Blank,Blank,excluded_undelegated,row:700,package-1
701,futbol,delegated,Standard,whois.nic.futbol,"",Whois::Parsers::Blank,Blank,parser_missing,host:whois.nic.futbol,package-3
702,construction,delegated,Standard,whois.nic.construction,"",Whois::Parsers::Blank,Blank,parser_missing,host:whois.nic.construction,package-4
703,lawyer,delegated,Standard,whois.nic.lawyer,"",Whois::Parsers::Blank,Blank,parser_missing,host:whois.nic.lawyer,package-2
704,js,undelegated,Unmapped,"","",Whois::Parsers::Blank,Blank,excluded_undelegated,row:704,package-2
705,madrid,delegated,Standard,whois.madrid.rs.corenic.net,"",Whois::Parsers::Blank,Blank,parser_missing,host:whois.madrid.rs.corenic.net,package-5
706,equipment,delegated,Standard,whois.nic.equipment,"",Whois::Parsers::Blank,Blank,parser_missing,host:whois.nic.equipment,package-2
707,bible,delegated,Standard,whois.nic.bible,"",Whois::Parsers::Blank,Blank,parser_missing,host:whois.nic.bible,package-4
708,abbott,delegated,Standard,whois.afilias-srs.net,"",Whois::Parsers::WhoisAfiliasSrsNet,BaseIcannCompliant,parser_present_unverified,family:BaseIcannCompliant,package-1
709,luxury,delegated,Standard,whois.nic.luxury,"",Whois::Parsers::Blank,Blank,parser_missing,host:whois.nic.luxury,package-5
710,none,undelegated,Unmapped,"","",Whois::Parsers::Blank,Blank,excluded_undelegated,row:710,package-3
711,bbrouter,undelegated,Unmapped,"","",Whois::Parsers::Blank,Blank,excluded_undelegated,row:711,package-4
712,lifestyle,delegated,Standard,whois.nic.lifestyle,"",Whois::Parsers::Blank,Blank,parser_missing,host:whois.nic.lifestyle,package-5
713,archi,delegated,Standard,whois.afilias.net,"",Whois::Parsers::WhoisAfiliasNet,BaseAfilias2,parser_present_unverified,family:BaseAfilias2,package-2
714,flights,delegated,Standard,whois.nic.flights,"",Whois::Parsers::Blank,Blank,parser_missing,host:whois.nic.flights,package-1
715,hm,delegated,Standard,whois.registry.hm,"",Whois::Parsers::WhoisRegistryHm,Base,parser_present_unverified,family:Base,package-4
716,med,delegated,Standard,whois.nic.med,"",Whois::Parsers::Blank,Blank,parser_missing,host:whois.nic.med,package-3
717,cheap,delegated,Standard,whois.nic.cheap,"",Whois::Parsers::Blank,Blank,parser_missing,host:whois.nic.cheap,package-5
718,locker,delegated,Standard,whois.nic.locker,"",Whois::Parsers::Blank,Blank,parser_missing,host:whois.nic.locker,package-1
719,url,undelegated,Unmapped,"","",Whois::Parsers::Blank,Blank,excluded_undelegated,row:719,package-5
720,comundefined,undelegated,Unmapped,"","",Whois::Parsers::Blank,Blank,excluded_undelegated,row:720,package-1
721,luxe,delegated,Standard,whois.nic.luxe,"",Whois::Parsers::Blank,Blank,parser_missing,host:whois.nic.luxe,package-4
722,krd,delegated,Standard,whois.aridnrs.net.au,"",Whois::Parsers::Blank,Blank,parser_missing,host:whois.aridnrs.net.au,package-5
723,eth0,undelegated,Unmapped,"","",Whois::Parsers::Blank,Blank,excluded_undelegated,row:723,package-2
724,discount,delegated,Standard,whois.nic.discount,"",Whois::Parsers::Blank,Blank,parser_missing,host:whois.nic.discount,package-5
725,bnpparibas,delegated,Standard,whois.afilias-srs.net,"",Whois::Parsers::WhoisAfiliasSrsNet,BaseIcannCompliant,parser_present_unverified,family:BaseIcannCompliant,package-1
726,srv,undelegated,Unmapped,"","",Whois::Parsers::Blank,Blank,excluded_undelegated,row:726,package-3
727,cars,delegated,Standard,whois.uniregistry.net,"",Whois::Parsers::WhoisUniregistryNet,BaseIcannCompliant,parser_present_unverified,family:BaseIcannCompliant,package-1
728,jewelry,delegated,Standard,whois.nic.jewelry,"",Whois::Parsers::Blank,Blank,parser_missing,host:whois.nic.jewelry,package-3
729,aw,delegated,Standard,whois.nic.aw,"",Whois::Parsers::Blank,Blank,parser_missing,host:whois.nic.aw,package-3
730,v1,undelegated,Unmapped,"","",Whois::Parsers::Blank,Blank,excluded_undelegated,row:730,package-4
731,next,delegated,Standard,whois.nic.next,"",Whois::Parsers::Blank,Blank,parser_missing,host:whois.nic.next,package-1
732,tirol,delegated,Standard,whois.nic.tirol,"",Whois::Parsers::Blank,Blank,parser_missing,host:whois.nic.tirol,package-4
733,boston,delegated,Standard,whois.nic.boston,"",Whois::Parsers::Blank,Blank,parser_missing,host:whois.nic.boston,package-3
734,navy,delegated,Standard,whois.nic.navy,"",Whois::Parsers::Blank,Blank,parser_missing,host:whois.nic.navy,package-5
735,broker,delegated,Standard,whois.nic.broker,"",Whois::Parsers::Blank,Blank,parser_missing,host:whois.nic.broker,package-3
736,soccer,delegated,Standard,whois.nic.soccer,"",Whois::Parsers::Blank,Blank,parser_missing,host:whois.nic.soccer,package-4
737,orghttp,undelegated,Unmapped,"","",Whois::Parsers::Blank,Blank,excluded_undelegated,row:737,package-5
738,kaufen,delegated,Standard,whois.nic.kaufen,"",Whois::Parsers::Blank,Blank,parser_missing,host:whois.nic.kaufen,package-4
739,burp,undelegated,Unmapped,"","",Whois::Parsers::Blank,Blank,excluded_undelegated,row:739,package-1
740,actor,delegated,Standard,whois.nic.actor,"",Whois::Parsers::Blank,Blank,parser_missing,host:whois.nic.actor,package-2
741,sydney,delegated,Standard,whois.nic.sydney,"",Whois::Parsers::Blank,Blank,parser_missing,host:whois.nic.sydney,package-1
742,reisen,delegated,Standard,whois.nic.reisen,"",Whois::Parsers::Blank,Blank,parser_missing,host:whois.nic.reisen,package-2
743,png,undelegated,Unmapped,"","",Whois::Parsers::Blank,Blank,excluded_undelegated,row:743,package-2
744,mobile,delegated,Standard,whois.nic.mobile,"",Whois::Parsers::Blank,Blank,parser_missing,host:whois.nic.mobile,package-3
745,capetown,delegated,Standard,capetown-whois.registry.net.za,"",Whois::Parsers::CapetownWhoisRegistryNetZa,BaseIcannCompliant,parser_present_unverified,family:BaseIcannCompliant,package-1
746,cpa,delegated,Unmapped,"","",Whois::Parsers::Blank,Blank,no_server_mapping,row:746,package-3
747,cleaning,delegated,Standard,whois.nic.cleaning,"",Whois::Parsers::Blank,Blank,parser_missing,host:whois.nic.cleaning,package-4
748,bmw,delegated,Standard,whois.nic.bmw,"",Whois::Parsers::Blank,Blank,parser_missing,host:whois.nic.bmw,package-5
749,intranet,undelegated,Unmapped,"","",Whois::Parsers::Blank,Blank,excluded_undelegated,row:749,package-4
750,tickets,delegated,Standard,whois.nic.tickets,"",Whois::Parsers::Blank,Blank,parser_missing,host:whois.nic.tickets,package-5
751,joburg,delegated,Standard,joburg-whois.registry.net.za,"",Whois::Parsers::JoburgWhoisRegistryNetZa,BaseIcannCompliant,parser_present_unverified,family:BaseIcannCompliant,package-1
752,leclerc,delegated,Standard,whois-leclerc.nic.fr,"",Whois::Parsers::Blank,Blank,parser_missing,host:whois-leclerc.nic.fr,package-4
753,abb,delegated,None,"","",Whois::Parsers::Blank,Blank,adapter_none_excluded,row:753,package-5
754,charity,delegated,Standard,whois.nic.charity,"",Whois::Parsers::Blank,Blank,parser_missing,host:whois.nic.charity,package-4
755,saarland,delegated,Standard,whois.nic.saarland,"",Whois::Parsers::Blank,Blank,parser_missing,host:whois.nic.saarland,package-5
756,exposed,delegated,Standard,whois.nic.exposed,"",Whois::Parsers::Blank,Blank,parser_missing,host:whois.nic.exposed,package-3
757,supplies,delegated,Standard,whois.nic.supplies,"",Whois::Parsers::Blank,Blank,parser_missing,host:whois.nic.supplies,package-5
758,xn--90ais,delegated,Standard,whois.cctld.by,"",Whois::Parsers::WhoisCctldBy,Base,parser_present_unverified,family:Base,package-4
759,feedback,delegated,Standard,whois.nic.feedback,"",Whois::Parsers::Blank,Blank,parser_missing,host:whois.nic.feedback,package-3
760,tatar,delegated,Standard,whois.nic.tatar,"",Whois::Parsers::Blank,Blank,parser_missing,host:whois.nic.tatar,package-4
761,ip,undelegated,Unmapped,"","",Whois::Parsers::Blank,Blank,excluded_undelegated,row:761,package-1
762,immobilien,delegated,Standard,whois.nic.immobilien,"",Whois::Parsers::Blank,Blank,parser_missing,host:whois.nic.immobilien,package-4
763,voyage,delegated,Standard,whois.nic.voyage,"",Whois::Parsers::Blank,Blank,parser_missing,host:whois.nic.voyage,package-4
764,melbourne,delegated,Standard,whois.aridnrs.net.au,"",Whois::Parsers::Blank,Blank,parser_missing,host:whois.aridnrs.net.au,package-5
765,intern,undelegated,Unmapped,"","",Whois::Parsers::Blank,Blank,excluded_undelegated,row:765,package-2
766,ic,undelegated,Unmapped,"","",Whois::Parsers::Blank,Blank,excluded_undelegated,row:766,package-3
767,claims,delegated,Standard,whois.nic.claims,"",Whois::Parsers::Blank,Blank,parser_missing,host:whois.nic.claims,package-3
768,furniture,delegated,Standard,whois.nic.furniture,"",Whois::Parsers::Blank,Blank,parser_missing,host:whois.nic.furniture,package-2
769,sarl,delegated,Standard,whois.nic.sarl,"",Whois::Parsers::Blank,Blank,parser_missing,host:whois.nic.sarl,package-4
770,hockey,delegated,Standard,whois.nic.hockey,"",Whois::Parsers::Blank,Blank,parser_missing,host:whois.nic.hockey,package-1
771,channel,delegated,Standard,whois.nic.google,"",Whois::Parsers::Blank,Blank,parser_missing,host:whois.nic.google,package-3
772,holiday,delegated,Standard,whois.nic.holiday,"",Whois::Parsers::Blank,Blank,parser_missing,host:whois.nic.holiday,package-3
773,corsica,delegated,Standard,whois-corsica.nic.fr,"",Whois::Parsers::Blank,Blank,parser_missing,host:whois-corsica.nic.fr,package-3
774,associates,delegated,Standard,whois.nic.associates,"",Whois::Parsers::Blank,Blank,parser_missing,host:whois.nic.associates,package-4
775,gf,delegated,Standard,whois.mediaserv.net,"",Whois::Parsers::Blank,Blank,parser_missing,host:whois.mediaserv.net,package-5
776,ong,delegated,Standard,whois.publicinterestregistry.net,"",Whois::Parsers::Blank,Blank,parser_missing,host:whois.publicinterestregistry.net,package-4
777,villas,delegated,Standard,whois.nic.villas,"",Whois::Parsers::Blank,Blank,parser_missing,host:whois.nic.villas,package-4
778,default,undelegated,Unmapped,"","",Whois::Parsers::Blank,Blank,excluded_undelegated,row:778,package-4
779,cruises,delegated,Standard,whois.nic.cruises,"",Whois::Parsers::Blank,Blank,parser_missing,host:whois.nic.cruises,package-4
780,gent,delegated,Standard,whois.nic.gent,"",Whois::Parsers::Blank,Blank,parser_missing,host:whois.nic.gent,package-4
781,yokohama,delegated,Standard,whois.nic.yokohama,"",Whois::Parsers::Blank,Blank,parser_missing,host:whois.nic.yokohama,package-3
782,nagoya,delegated,Standard,whois.nic.nagoya,"",Whois::Parsers::Blank,Blank,parser_missing,host:whois.nic.nagoya,package-4
783,xn--6frz82g,delegated,Standard,whois.afilias.net,"",Whois::Parsers::WhoisAfiliasNet,BaseAfilias2,parser_present_unverified,family:BaseAfilias2,package-2
784,sucks,delegated,Standard,whois.nic.sucks,"",Whois::Parsers::Blank,Blank,parser_missing,host:whois.nic.sucks,package-4
785,ss,delegated,Standard,whois.nic.ss,"",Whois::Parsers::Blank,Blank,parser_missing,host:whois.nic.ss,package-4
786,xn--55qx5d,delegated,Standard,whois.ngtld.cn,"",Whois::Parsers::Blank,Blank,parser_missing,host:whois.ngtld.cn,package-4
787,canon,delegated,Standard,whois.nic.canon,"",Whois::Parsers::Blank,Blank,parser_missing,host:whois.nic.canon,package-2
788,krhttp,undelegated,Unmapped,"","",Whois::Parsers::Blank,Blank,excluded_undelegated,row:788,package-5
789,tienda,delegated,Standard,whois.nic.tienda,"",Whois::Parsers::Blank,Blank,parser_missing,host:whois.nic.tienda,package-1
790,vacations,delegated,Standard,whois.nic.vacations,"",Whois::Parsers::Blank,Blank,parser_missing,host:whois.nic.vacations,package-5
791,ads,delegated,Standard,whois.nic.google,"",Whois::Parsers::Blank,Blank,parser_missing,host:whois.nic.google,package-3
792,okinawa,delegated,Standard,whois.nic.okinawa,"",Whois::Parsers::Blank,Blank,parser_missing,host:whois.nic.okinawa,package-1
793,cooking,delegated,Standard,whois.nic.cooking,"",Whois::Parsers::Blank,Blank,parser_missing,host:whois.nic.cooking,package-3
794,jpg,undelegated,Unmapped,"","",Whois::Parsers::Blank,Blank,excluded_undelegated,row:794,package-1
795,car,delegated,Standard,whois.uniregistry.net,"",Whois::Parsers::WhoisUniregistryNet,BaseIcannCompliant,parser_present_unverified,family:BaseIcannCompliant,package-1
796,comm,undelegated,Unmapped,"","",Whois::Parsers::Blank,Blank,excluded_undelegated,row:796,package-2
797,florist,delegated,Standard,whois.nic.florist,"",Whois::Parsers::Blank,Blank,parser_missing,host:whois.nic.florist,package-2
798,diamonds,delegated,Standard,whois.nic.diamonds,"",Whois::Parsers::Blank,Blank,parser_missing,host:whois.nic.diamonds,package-3
799,tennis,delegated,Standard,whois.nic.tennis,"",Whois::Parsers::Blank,Blank,parser_missing,host:whois.nic.tennis,package-3
800,mortgage,delegated,Standard,whois.nic.mortgage,"",Whois::Parsers::Blank,Blank,parser_missing,host:whois.nic.mortgage,package-4
801,xn--j1amh,delegated,Standard,whois.dotukr.com,"",Whois::Parsers::Blank,Blank,parser_missing,host:whois.dotukr.com,package-3
802,dom,undelegated,Unmapped,"","",Whois::Parsers::Blank,Blank,excluded_undelegated,row:802,package-3
803,czhttp,undelegated,Unmapped,"","",Whois::Parsers::Blank,Blank,excluded_undelegated,row:803,package-4
804,apartments,delegated,Standard,whois.nic.apartments,"",Whois::Parsers::Blank,Blank,parser_missing,host:whois.nic.apartments,package-2
805,xn--80asehdb,delegated,Standard,whois.online.rs.corenic.net,"",Whois::Parsers::Blank,Blank,parser_missing,host:whois.online.rs.corenic.net,package-5
806,xn--h2brj9c,delegated,Standard,whois.nixiregistry.in,"",Whois::Parsers::WhoisNixiregistryIn,BaseIcannCompliant,parser_present_unverified,family:BaseIcannCompliant,package-1
807,xn--ses554g,delegated,Standard,whois.registry.knet.cn,"",Whois::Parsers::Blank,Blank,parser_missing,host:whois.registry.knet.cn,package-1
808,ruhttp,undelegated,Unmapped,"","",Whois::Parsers::Blank,Blank,excluded_undelegated,row:808,package-5
809,xn--3ds443g,delegated,Standard,whois.teleinfo.cn,"",Whois::Parsers::Blank,Blank,parser_missing,host:whois.teleinfo.cn,package-3
810,bargains,delegated,Standard,whois.nic.bargains,"",Whois::Parsers::Blank,Blank,parser_missing,host:whois.nic.bargains,package-2
811,singles,delegated,Standard,whois.nic.singles,"",Whois::Parsers::Blank,Blank,parser_missing,host:whois.nic.singles,package-1
812,xn--80adxhks,delegated,Standard,whois.nic.xn--80adxhks,"",Whois::Parsers::Blank,Blank,parser_missing,host:whois.nic.xn--80adxhks,package-5
813,rehab,delegated,Standard,whois.nic.rehab,"",Whois::Parsers::Blank,Blank,parser_missing,host:whois.nic.rehab,package-5
814,autodesk,undelegated,Unmapped,"","",Whois::Parsers::Blank,Blank,excluded_undelegated,row:814,package-1
815,mq,delegated,Standard,whois.mediaserv.net,"",Whois::Parsers::Blank,Blank,parser_missing,host:whois.mediaserv.net,package-5
816,storage,delegated,Standard,whois.nic.storage,"",Whois::Parsers::Blank,Blank,parser_missing,host:whois.nic.storage,package-5
817,hp-print-mgmt,undelegated,Unmapped,"","",Whois::Parsers::Blank,Blank,excluded_undelegated,row:817,package-2
818,talk,delegated,Standard,whois.nic.talk,"",Whois::Parsers::Blank,Blank,parser_missing,host:whois.nic.talk,package-3
819,xn--3e0b707e,delegated,Standard,whois.kr,"",Whois::Parsers::WhoisKr,Base,parser_present_unverified,family:Base,package-4
820,cnhttp,undelegated,Unmapped,"","",Whois::Parsers::Blank,Blank,excluded_undelegated,row:820,package-3
821,cologne,delegated,Standard,whois.ryce-rsp.com,"",Whois::Parsers::Blank,Blank,parser_missing,host:whois.ryce-rsp.com,package-5
822,contractors,delegated,Standard,whois.nic.contractors,"",Whois::Parsers::Blank,Blank,parser_missing,host:whois.nic.contractors,package-2
823,rugby,delegated,Standard,whois.centralnic.com,"",Whois::Parsers::WhoisCentralnicCom,Base,parser_present_unverified,family:Base,package-4
824,voto,delegated,Standard,whois.afilias.net,"",Whois::Parsers::WhoisAfiliasNet,BaseAfilias2,parser_present_unverified,family:BaseAfilias2,package-2
825,rsvp,delegated,Standard,whois.nic.google,"",Whois::Parsers::Blank,Blank,parser_missing,host:whois.nic.google,package-3
826,forex,delegated,Standard,whois.nic.forex,"",Whois::Parsers::Blank,Blank,parser_missing,host:whois.nic.forex,package-4
827,spa,delegated,Unmapped,"","",Whois::Parsers::Blank,Blank,no_server_mapping,row:827,package-4
828,giving,delegated,Standard,whois.nic.giving,"",Whois::Parsers::Blank,Blank,parser_missing,host:whois.nic.giving,package-2
829,pvt,undelegated,Unmapped,"","",Whois::Parsers::Blank,Blank,excluded_undelegated,row:829,package-5
830,fishing,delegated,Standard,whois.nic.fishing,"",Whois::Parsers::Blank,Blank,parser_missing,host:whois.nic.fishing,package-3
831,soy,delegated,Standard,whois.nic.google,"",Whois::Parsers::Blank,Blank,parser_missing,host:whois.nic.google,package-3
832,xn--io0a7i,delegated,Standard,whois.ngtld.cn,"",Whois::Parsers::Blank,Blank,parser_missing,host:whois.ngtld.cn,package-4
833,dhl,delegated,None,"","",Whois::Parsers::Blank,Blank,adapter_none_excluded,row:833,package-1
834,lab,undelegated,Unmapped,"","",Whois::Parsers::Blank,Blank,excluded_undelegated,row:834,package-2
835,catering,delegated,Standard,whois.nic.catering,"",Whois::Parsers::Blank,Blank,parser_missing,host:whois.nic.catering,package-1
836,googledomains,undelegated,Unmapped,"","",Whois::Parsers::Blank,Blank,excluded_undelegated,row:836,package-3
837,plumbing,delegated,Standard,whois.nic.plumbing,"",Whois::Parsers::Blank,Blank,parser_missing,host:whois.nic.plumbing,package-4
838,xn--o3cw4h,delegated,Standard,whois.thnic.co.th,"",Whois::Parsers::WhoisThnicCoTh,Base,parser_present_unverified,family:Base,package-4
839,citrix,undelegated,Unmapped,"","",Whois::Parsers::Blank,Blank,excluded_undelegated,row:839,package-4
840,statefarm,delegated,None,"","",Whois::Parsers::Blank,Blank,adapter_none_excluded,row:840,package-5
841,json,undelegated,Unmapped,"","",Whois::Parsers::Blank,Blank,excluded_undelegated,row:841,package-1
842,maison,delegated,Standard,whois.nic.maison,"",Whois::Parsers::Blank,Blank,parser_missing,host:whois.nic.maison,package-1
843,career,delegated,Standard,whois.nic.career,"",Whois::Parsers::Blank,Blank,parser_missing,host:whois.nic.career,package-1
844,lease,delegated,Standard,whois.nic.lease,"",Whois::Parsers::Blank,Blank,parser_missing,host:whois.nic.lease,package-3
845,api,undelegated,Unmapped,"","",Whois::Parsers::Blank,Blank,excluded_undelegated,row:845,package-2
846,hospital,delegated,Standard,whois.nic.hospital,"",Whois::Parsers::Blank,Blank,parser_missing,host:whois.nic.hospital,package-5
847,dlinkrouter,undelegated,Unmapped,"","",Whois::Parsers::Blank,Blank,excluded_undelegated,row:847,package-3
848,organic,delegated,Standard,whois.afilias.net,"",Whois::Parsers::WhoisAfiliasNet,BaseAfilias2,parser_present_unverified,family:BaseAfilias2,package-2
849,gvc884571451de,undelegated,Unmapped,"","",Whois::Parsers::Blank,Blank,excluded_undelegated,row:849,package-4
850,kred,delegated,None,"","",Whois::Parsers::Blank,Blank,adapter_none_excluded,row:850,package-5
851,tl-wa850re,undelegated,Unmapped,"","",Whois::Parsers::Blank,Blank,excluded_undelegated,row:851,package-1
852,alsace,delegated,Standard,whois-alsace.nic.fr,"",Whois::Parsers::Blank,Blank,parser_missing,host:whois-alsace.nic.fr,package-2
853,realty,delegated,Standard,whois.nic.realty,"",Whois::Parsers::Blank,Blank,parser_missing,host:whois.nic.realty,package-3
854,phd,delegated,Standard,whois.nic.google,"",Whois::Parsers::Blank,Blank,parser_missing,host:whois.nic.google,package-3
855,nethttp,undelegated,Unmapped,"","",Whois::Parsers::Blank,Blank,excluded_undelegated,row:855,package-2
856,country,delegated,Standard,whois.uniregistry.net,"",Whois::Parsers::WhoisUniregistryNet,BaseIcannCompliant,parser_present_unverified,family:BaseIcannCompliant,package-1
857,rio,delegated,Standard,whois.gtlds.nic.br,"",Whois::Parsers::Blank,Blank,parser_missing,host:whois.gtlds.nic.br,package-4
858,attorney,delegated,Standard,whois.nic.attorney,"",Whois::Parsers::Blank,Blank,parser_missing,host:whois.nic.attorney,package-5
859,durban,delegated,Standard,durban-whois.registry.net.za,"",Whois::Parsers::DurbanWhoisRegistryNetZa,BaseIcannCompliant,parser_present_unverified,family:BaseIcannCompliant,package-1
860,scloud,undelegated,Unmapped,"","",Whois::Parsers::Blank,Blank,excluded_undelegated,row:860,package-3
861,fast,delegated,Standard,whois.nic.fast,"",Whois::Parsers::Blank,Blank,parser_missing,host:whois.nic.fast,package-2
862,cricket,delegated,Standard,whois.nic.cricket,"",Whois::Parsers::Blank,Blank,parser_missing,host:whois.nic.cricket,package-3
863,lr,delegated,None,"","",Whois::Parsers::Blank,Blank,adapter_none_excluded,row:863,package-4
864,vodka,delegated,Standard,whois.nic.vodka,"",Whois::Parsers::Blank,Blank,parser_missing,host:whois.nic.vodka,package-3
865,eduhttp,undelegated,Unmapped,"","",Whois::Parsers::Blank,Blank,excluded_undelegated,row:865,package-5
866,xn--mk1bu44c,delegated,Standard,whois.nic.xn--mk1bu44c,"",Whois::Parsers::Blank,Blank,parser_missing,host:whois.nic.xn--mk1bu44c,package-3
867,dentist,delegated,Standard,whois.nic.dentist,"",Whois::Parsers::Blank,Blank,parser_missing,host:whois.nic.dentist,package-1
868,kp,delegated,None,"","",Whois::Parsers::Blank,Blank,adapter_none_excluded,row:868,package-1
869,reise,delegated,Standard,whois.nic.reise,"",Whois::Parsers::Blank,Blank,parser_missing,host:whois.nic.reise,package-1
870,hot,delegated,Standard,whois.nic.hot,"",Whois::Parsers::Blank,Blank,parser_missing,host:whois.nic.hot,package-1
871,vnhttp,undelegated,Unmapped,"","",Whois::Parsers::Blank,Blank,excluded_undelegated,row:871,package-2
872,dvag,delegated,Standard,whois.nic.dvag,"",Whois::Parsers::Blank,Blank,parser_missing,host:whois.nic.dvag,package-5
873,diet,delegated,Standard,whois.uniregistry.net,"",Whois::Parsers::WhoisUniregistryNet,BaseIcannCompliant,parser_present_unverified,family:BaseIcannCompliant,package-1
874,gripe,delegated,Standard,whois.nic.gripe,"",Whois::Parsers::Blank,Blank,parser_missing,host:whois.nic.gripe,package-5
875,accountant,delegated,Standard,whois.nic.accountant,"",Whois::Parsers::Blank,Blank,parser_missing,host:whois.nic.accountant,package-4
876,esq,delegated,Standard,whois.nic.google,"",Whois::Parsers::Blank,Blank,parser_missing,host:whois.nic.google,package-3
877,kn,delegated,Standard,whois.nic.kn,"",Whois::Parsers::Blank,Blank,parser_missing,host:whois.nic.kn,package-2
878,dehttp,undelegated,Unmapped,"","",Whois::Parsers::Blank,Blank,excluded_undelegated,row:878,package-3
879,getcacheddhcpresultsforcurrentconfig,undelegated,Unmapped,"","",Whois::Parsers::Blank,Blank,excluded_undelegated,row:879,package-4
880,or,undelegated,Unmapped,"","",Whois::Parsers::Blank,Blank,excluded_undelegated,row:880,package-5
881,deal,delegated,Standard,whois.nic.deal,"",Whois::Parsers::Blank,Blank,parser_missing,host:whois.nic.deal,package-1
882,abudhabi,delegated,Standard,whois.nic.abudhabi,"",Whois::Parsers::Blank,Blank,parser_missing,host:whois.nic.abudhabi,package-2
883,flowers,delegated,Standard,whois.uniregistry.net,"",Whois::Parsers::WhoisUniregistryNet,BaseIcannCompliant,parser_present_unverified,family:BaseIcannCompliant,package-1
884,gn,delegated,None,"","",Whois::Parsers::Blank,Blank,adapter_none_excluded,row:884,package-1
885,xn--czru2d,delegated,Standard,whois.gtld.knet.cn,"",Whois::Parsers::Blank,Blank,parser_missing,host:whois.gtld.knet.cn,package-5
886,nhk,delegated,None,"","",Whois::Parsers::Blank,Blank,adapter_none_excluded,row:886,package-2
887,xn--t60b56a,delegated,Standard,whois.nic.xn--t60b56a,"",Whois::Parsers::Blank,Blank,parser_missing,host:whois.nic.xn--t60b56a,package-5
888,physio,delegated,Standard,whois.nic.physio,"",Whois::Parsers::Blank,Blank,parser_missing,host:whois.nic.physio,package-5
889,crs,delegated,None,"","",Whois::Parsers::Blank,Blank,adapter_none_excluded,row:889,package-3
890,spot,delegated,Standard,whois.nic.spot,"",Whois::Parsers::Blank,Blank,parser_missing,host:whois.nic.spot,package-3
891,domainforsale,undelegated,Unmapped,"","",Whois::Parsers::Blank,Blank,excluded_undelegated,row:891,package-4
892,theater,delegated,Standard,whois.nic.theater,"",Whois::Parsers::Blank,Blank,parser_missing,host:whois.nic.theater,package-4
893,metadata,undelegated,Unmapped,"","",Whois::Parsers::Blank,Blank,excluded_undelegated,row:893,package-5
894,xn--6qq986b3xl,delegated,Standard,whois.gtld.knet.cn,"",Whois::Parsers::Blank,Blank,parser_missing,host:whois.gtld.knet.cn,package-5
895,realtek,undelegated,Unmapped,"","",Whois::Parsers::Blank,Blank,excluded_undelegated,row:895,package-1
896,dns,undelegated,Unmapped,"","",Whois::Parsers::Blank,Blank,excluded_undelegated,row:896,package-2
897,xn--80aswg,delegated,Standard,whois.online.rs.corenic.net,"",Whois::Parsers::Blank,Blank,parser_missing,host:whois.online.rs.corenic.net,package-5
898,surgery,delegated,Standard,whois.nic.surgery,"",Whois::Parsers::Blank,Blank,parser_missing,host:whois.nic.surgery,package-4
899,tires,delegated,Standard,whois.nic.tires,"",Whois::Parsers::Blank,Blank,parser_missing,host:whois.nic.tires,package-3
900,login,undelegated,Unmapped,"","",Whois::Parsers::Blank,Blank,excluded_undelegated,row:900,package-3
901,mp3,undelegated,Unmapped,"","",Whois::Parsers::Blank,Blank,excluded_undelegated,row:901,package-4
902,siriinternet,undelegated,Unmapped,"","",Whois::Parsers::Blank,Blank,excluded_undelegated,row:902,package-5
903,xn--5tzm5g,delegated,None,whois.nic.xn--5tzm5g,"",Whois::Parsers::Blank,Blank,adapter_none_excluded,host:whois.nic.xn--5tzm5g,package-4
904,republican,delegated,Standard,whois.nic.republican,"",Whois::Parsers::Blank,Blank,parser_missing,host:whois.nic.republican,package-2
905,comms-appx-web,undelegated,Unmapped,"","",Whois::Parsers::Blank,Blank,excluded_undelegated,row:905,package-1
906,commarket,undelegated,Unmapped,"","",Whois::Parsers::Blank,Blank,excluded_undelegated,row:906,package-2
907,config,undelegated,Unmapped,"","",Whois::Parsers::Blank,Blank,excluded_undelegated,row:907,package-3
908,accountants,delegated,Standard,whois.nic.accountants,"",Whois::Parsers::Blank,Blank,parser_missing,host:whois.nic.accountants,package-5
909,williamhill,delegated,None,"","",Whois::Parsers::Blank,Blank,adapter_none_excluded,row:909,package-4
910,router,undelegated,Unmapped,"","",Whois::Parsers::Blank,Blank,excluded_undelegated,row:910,package-5
911,xn--tckwe,delegated,Standard,whois.nic.xn--tckwe,"",Whois::Parsers::Blank,Blank,parser_missing,host:whois.nic.xn--tckwe,package-1
912,mob,undelegated,Unmapped,"","",Whois::Parsers::Blank,Blank,excluded_undelegated,row:912,package-1
913,pri,undelegated,Unmapped,"","",Whois::Parsers::Blank,Blank,excluded_undelegated,row:913,package-2
914,omicron,undelegated,Unmapped,"","",Whois::Parsers::Blank,Blank,excluded_undelegated,row:914,package-3
915,osaka,delegated,Standard,whois.nic.osaka,"",Whois::Parsers::Blank,Blank,parser_missing,host:whois.nic.osaka,package-3
916,exe,undelegated,Unmapped,"","",Whois::Parsers::Blank,Blank,excluded_undelegated,row:916,package-4
917,hiboard,undelegated,Unmapped,"","",Whois::Parsers::Blank,Blank,excluded_undelegated,row:917,package-5
918,txt,undelegated,Unmapped,"","",Whois::Parsers::Blank,Blank,excluded_undelegated,row:918,package-1
919,moi,delegated,Standard,whois.nic.moi,"",Whois::Parsers::Blank,Blank,parser_missing,host:whois.nic.moi,package-1
920,ithttp,undelegated,Unmapped,"","",Whois::Parsers::Blank,Blank,excluded_undelegated,row:920,package-2
921,pharmacy,delegated,None,"","",Whois::Parsers::Blank,Blank,adapter_none_excluded,row:921,package-3
922,dealer,delegated,None,"","",Whois::Parsers::Blank,Blank,adapter_none_excluded,row:922,package-4
923,creditcard,delegated,Standard,whois.nic.creditcard,"",Whois::Parsers::Blank,Blank,parser_missing,host:whois.nic.creditcard,package-2
924,xn--q9jyb4c,delegated,Standard,whois.nic.google,"",Whois::Parsers::Blank,Blank,parser_missing,host:whois.nic.google,package-3
925,priv,undelegated,Unmapped,"","",Whois::Parsers::Blank,Blank,excluded_undelegated,row:925,package-5
926,gw,delegated,Web,"",http://nic.gw/en/whois/,Whois::Parsers::Blank,Blank,web_adapter_excluded,row:926,package-1
927,cboxh,undelegated,Unmapped,"","",Whois::Parsers::Blank,Blank,excluded_undelegated,row:927,package-2
928,hola,undelegated,Unmapped,"","",Whois::Parsers::Blank,Blank,excluded_undelegated,row:928,package-3
929,gop,delegated,Standard,whois.nic.gop,"",Whois::Parsers::Blank,Blank,parser_missing,host:whois.nic.gop,package-2
930,tcs,undelegated,Unmapped,"","",Whois::Parsers::Blank,Blank,excluded_undelegated,row:930,package-4
931,xn--j6w193g,delegated,Standard,whois.hkirc.hk,"",Whois::Parsers::WhoisHkircHk,Base,parser_present_unverified,family:Base,package-4
932,condos,delegated,Standard,whois.nic.condos,"",Whois::Parsers::Blank,Blank,parser_missing,host:whois.nic.condos,package-3
933,mars,undelegated,Unmapped,"","",Whois::Parsers::Blank,Blank,excluded_undelegated,row:933,package-5
934,cnb,undelegated,Unmapped,"","",Whois::Parsers::Blank,Blank,excluded_undelegated,row:934,package-1
935,iphone,undelegated,Unmapped,"","",Whois::Parsers::Blank,Blank,excluded_undelegated,row:935,package-2
936,mibhigh,undelegated,Unmapped,"","",Whois::Parsers::Blank,Blank,excluded_undelegated,row:936,package-3
937,kyoto,delegated,Standard,whois.nic.kyoto,"",Whois::Parsers::Blank,Blank,parser_missing,host:whois.nic.kyoto,package-3
938,private,undelegated,Unmapped,"","",Whois::Parsers::Blank,Blank,excluded_undelegated,row:938,package-4
939,jphttp,undelegated,Unmapped,"","",Whois::Parsers::Blank,Blank,excluded_undelegated,row:939,package-5
940,hiphop,delegated,Standard,whois.uniregistry.net,"",Whois::Parsers::WhoisUniregistryNet,BaseIcannCompliant,parser_present_unverified,family:BaseIcannCompliant,package-1
941,argocd-repo-server,undelegated,Unmapped,"","",Whois::Parsers::Blank,Blank,excluded_undelegated,row:941,package-1
942,android,delegated,Standard,whois.nic.google,"",Whois::Parsers::Blank,Blank,parser_missing,host:whois.nic.google,package-3
943,mib2p,undelegated,Unmapped,"","",Whois::Parsers::Blank,Blank,excluded_undelegated,row:943,package-2
944,go,undelegated,Unmapped,"","",Whois::Parsers::Blank,Blank,excluded_undelegated,row:944,package-3
945,barclays,delegated,Standard,whois.nic.barclays,"",Whois::Parsers::Blank,Blank,parser_missing,host:whois.nic.barclays,package-5
946,lcl,undelegated,Unmapped,"","",Whois::Parsers::Blank,Blank,excluded_undelegated,row:946,package-4
947,post,delegated,Standard,whois.dotpostregistry.net,"",Whois::Parsers::WhoisDotpostregistryNet,BaseAfilias,parser_present_unverified,family:BaseAfilias,package-5
948,warp-svc,undelegated,Unmapped,"","",Whois::Parsers::Blank,Blank,excluded_undelegated,row:948,package-5
949,xn--czr694b,delegated,Unmapped,"","",Whois::Parsers::Blank,Blank,no_server_mapping,row:949,package-1
950,toyota,delegated,Standard,whois.nic.toyota,"",Whois::Parsers::Blank,Blank,parser_missing,host:whois.nic.toyota,package-3
951,no-data,undelegated,Unmapped,"","",Whois::Parsers::Blank,Blank,excluded_undelegated,row:951,package-2
952,grp,undelegated,Unmapped,"","",Whois::Parsers::Blank,Blank,excluded_undelegated,row:952,package-3
953,hkhttp,undelegated,Unmapped,"","",Whois::Parsers::Blank,Blank,excluded_undelegated,row:953,package-4
954,democrat,delegated,Standard,whois.nic.democrat,"",Whois::Parsers::Blank,Blank,parser_missing,host:whois.nic.democrat,package-4
955,ico,undelegated,Unmapped,"","",Whois::Parsers::Blank,Blank,excluded_undelegated,row:955,package-5
956,blank,undelegated,Unmapped,"","",Whois::Parsers::Blank,Blank,excluded_undelegated,row:956,package-1
957,select,delegated,Standard,whois.nic.select,"",Whois::Parsers::Blank,Blank,parser_missing,host:whois.nic.select,package-2
958,data,delegated,Standard,whois.nic.data,"",Whois::Parsers::Blank,Blank,parser_missing,host:whois.nic.data,package-3
959,dll,undelegated,Unmapped,"","",Whois::Parsers::Blank,Blank,excluded_undelegated,row:959,package-2
960,admin,undelegated,Unmapped,"","",Whois::Parsers::Blank,Blank,excluded_undelegated,row:960,package-3
961,xn--d1acj3b,delegated,Standard,whois.nic.xn--d1acj3b,"",Whois::Parsers::Blank,Blank,parser_missing,host:whois.nic.xn--d1acj3b,package-1
962,man,delegated,Standard,whois.nic.man,"",Whois::Parsers::Blank,Blank,parser_missing,host:whois.nic.man,package-3
963,cisco,delegated,None,"","",Whois::Parsers::Blank,Blank,adapter_none_excluded,row:963,package-4
964,nlhttp,undelegated,Unmapped,"","",Whois::Parsers::Blank,Blank,excluded_undelegated,row:964,package-5
965,prof,delegated,Standard,whois.nic.google,"",Whois::Parsers::Blank,Blank,parser_missing,host:whois.nic.google,package-3
966,comv1,undelegated,Unmapped,"","",Whois::Parsers::Blank,Blank,excluded_undelegated,row:966,package-1
967,comt,undelegated,Unmapped,"","",Whois::Parsers::Blank,Blank,excluded_undelegated,row:967,package-2
968,degree,delegated,Standard,whois.nic.degree,"",Whois::Parsers::Blank,Blank,parser_missing,host:whois.nic.degree,package-3
969,wifi,undelegated,Unmapped,"","",Whois::Parsers::Blank,Blank,excluded_undelegated,row:969,package-3
970,cnnull,undelegated,Unmapped,"","",Whois::Parsers::Blank,Blank,excluded_undelegated,row:970,package-4
971,root,undelegated,Unmapped,"","",Whois::Parsers::Blank,Blank,excluded_undelegated,row:971,package-5
972,content,undelegated,Unmapped,"","",Whois::Parsers::Blank,Blank,excluded_undelegated,row:972,package-1
973,ntt,delegated,None,"","",Whois::Parsers::Blank,Blank,adapter_none_excluded,row:973,package-2
974,memorial,delegated,Standard,whois.nic.memorial,"",Whois::Parsers::Blank,Blank,parser_missing,host:whois.nic.memorial,package-4
975,belkin,undelegated,Unmapped,"","",Whois::Parsers::Blank,Blank,excluded_undelegated,row:975,package-3
976,yun,delegated,Standard,whois.teleinfo.cn,"",Whois::Parsers::Blank,Blank,parser_missing,host:whois.teleinfo.cn,package-3
977,fk,delegated,None,"","",Whois::Parsers::Blank,Blank,adapter_none_excluded,row:977,package-4
978,airforce,delegated,Standard,whois.nic.airforce,"",Whois::Parsers::Blank,Blank,parser_missing,host:whois.nic.airforce,package-4
979,xn--kput3i,delegated,Standard,whois.nic.xn--kput3i,"",Whois::Parsers::Blank,Blank,parser_missing,host:whois.nic.xn--kput3i,package-2
980,unused,undelegated,Unmapped,"","",Whois::Parsers::Blank,Blank,excluded_undelegated,row:980,package-5
981,gn-cn,undelegated,Unmapped,"","",Whois::Parsers::Blank,Blank,excluded_undelegated,row:981,package-1
982,gbl,undelegated,Unmapped,"","",Whois::Parsers::Blank,Blank,excluded_undelegated,row:982,package-2
983,pdfpro,undelegated,Unmapped,"","",Whois::Parsers::Blank,Blank,excluded_undelegated,row:983,package-3
984,cahttp,undelegated,Unmapped,"","",Whois::Parsers::Blank,Blank,excluded_undelegated,row:984,package-4
985,pay,delegated,Standard,whois.nic.pay,"",Whois::Parsers::Blank,Blank,parser_missing,host:whois.nic.pay,package-2
986,xn--90ae,delegated,None,"","",Whois::Parsers::Blank,Blank,adapter_none_excluded,row:986,package-5
987,empty,undelegated,Unmapped,"","",Whois::Parsers::Blank,Blank,excluded_undelegated,row:987,package-1
988,coms,undelegated,Unmapped,"","",Whois::Parsers::Blank,Blank,excluded_undelegated,row:988,package-2
989,yu,undelegated,Unmapped,"","",Whois::Parsers::Blank,Blank,excluded_undelegated,row:989,package-3
990,master,undelegated,Unmapped,"","",Whois::Parsers::Blank,Blank,excluded_undelegated,row:990,package-4
991,citic,delegated,None,"","",Whois::Parsers::Blank,Blank,adapter_none_excluded,row:991,package-5
992,qtq,undelegated,Unmapped,"","",Whois::Parsers::Blank,Blank,excluded_undelegated,row:992,package-1
993,viajes,delegated,Standard,whois.nic.viajes,"",Whois::Parsers::Blank,Blank,parser_missing,host:whois.nic.viajes,package-3
994,eunull,undelegated,Unmapped,"","",Whois::Parsers::Blank,Blank,excluded_undelegated,row:994,package-2
995,hotspot-50,undelegated,Unmapped,"","",Whois::Parsers::Blank,Blank,excluded_undelegated,row:995,package-3
996,shiksha,delegated,Standard,whois.afilias.net,"",Whois::Parsers::WhoisAfiliasNet,BaseAfilias2,parser_present_unverified,family:BaseAfilias2,package-2
997,behnam,undelegated,Unmapped,"","",Whois::Parsers::Blank,Blank,excluded_undelegated,row:997,package-4
998,ns1,undelegated,Unmapped,"","",Whois::Parsers::Blank,Blank,excluded_undelegated,row:998,package-5
999,guitars,delegated,Standard,whois.uniregistry.net,"",Whois::Parsers::WhoisUniregistryNet,BaseIcannCompliant,parser_present_unverified,family:BaseIcannCompliant,package-1
1000,redis,undelegated,Unmapped,"","",Whois::Parsers::Blank,Blank,excluded_undelegated,row:1000,package-3
