source_rank,tld,source_status,evidence_state,evidence_date,report_ref,fixture_ref,fixture_scope,evidence_note,follow_up_state,follow_up_date,follow_up_report_ref,follow_up_fixture_ref,follow_up_note
1,com,delegated,summary_only_healthy_fixed,2026-09-19,docs/audits/top-100-tlds-2026-09-19.md,"",not_reported,Healthy,"","","","",""
2,net,delegated,summary_only_healthy_fixed,2026-09-19,docs/audits/top-100-tlds-2026-09-19.md,"",not_reported,Healthy,"","","","",""
3,org,delegated,summary_only_healthy_fixed,2026-09-19,docs/audits/top-100-tlds-2026-09-19.md,"",not_reported,Fixed,"","","","",""
4,arpa,delegated,classification_only,2026-09-19,docs/audits/top-100-tlds-2026-09-19.md,"",not_reported,Infrastructure; excluded from registrable-domain parser scope,"","","","",""
5,uk,delegated,summary_only_healthy_fixed,2026-09-19,docs/audits/top-100-tlds-2026-09-19.md,"",not_reported,Healthy,"","","","",""
6,info,delegated,summary_only_unsupported,2026-09-19,docs/audits/top-100-tlds-2026-09-19.md,"",not_reported,Unsupported,"","","","",""
7,io,delegated,summary_only_healthy_fixed,2026-09-19,docs/audits/top-100-tlds-2026-09-19.md,"",not_reported,Fixed,"","","","",""
8,xyz,delegated,summary_only_healthy_fixed,2026-09-19,docs/audits/top-100-tlds-2026-09-19.md,"",not_reported,Fixed,"","","","",""
9,de,delegated,summary_only_healthy_fixed,2026-09-19,docs/audits/top-100-tlds-2026-09-19.md,"",not_reported,Fixed,"","","","",""
10,biz,delegated,summary_only_healthy_fixed,2026-09-19,docs/audits/top-100-tlds-2026-09-19.md,"",not_reported,Healthy,"","","","",""
11,local,special-use,classification_only,2026-09-19,docs/audits/top-100-tlds-2026-09-19.md,"",not_reported,Special-use; no parser or availability inference,"","","","",""
12,cn,delegated,summary_only_healthy_fixed,2026-09-19,docs/audits/top-100-tlds-2026-09-19.md,"",not_reported,Fixed,"","","","",""
13,edu,delegated,summary_only_healthy_fixed,2026-09-19,docs/audits/top-100-tlds-2026-09-19.md,"",not_reported,Fixed,"","","","",""
14,cz,delegated,summary_only_healthy_fixed,2026-09-19,docs/audits/top-100-tlds-2026-09-19.md,"",not_reported,Healthy,"","","","",""
15,co,delegated,summary_only_healthy_fixed,2026-09-19,docs/audits/top-100-tlds-2026-09-19.md,"",not_reported,Fixed,"","","","",""
16,me,delegated,summary_only_healthy_fixed,2026-09-19,docs/audits/top-100-tlds-2026-09-19.md,"",not_reported,Fixed,"","","","",""
17,eu,delegated,summary_only_healthy_fixed,2026-09-19,docs/audits/top-100-tlds-2026-09-19.md,"",not_reported,Healthy,"","","","",""
18,site,delegated,summary_only_healthy_fixed,2026-09-19,docs/audits/top-100-tlds-2026-09-19.md,"",not_reported,Fixed,"","","","",""
19,google,delegated,unknown_unsafe,2026-09-19,docs/audits/top-100-tlds-2026-09-19.md,"",not_reported,Restricted or non-public,"","","","",""
20,fr,delegated,summary_only_healthy_fixed,2026-09-19,docs/audits/top-100-tlds-2026-09-19.md,"",not_reported,Healthy,"","","","",""
21,microsoft,delegated,unknown_unsafe,2026-09-19,docs/audits/top-100-tlds-2026-09-19.md,"",not_reported,Restricted or non-public,"","","","",""
22,kr,delegated,summary_only_healthy_fixed,2026-09-19,docs/audits/top-100-tlds-2026-09-19.md,"",not_reported,Fixed,"","","","",""
23,ru,delegated,summary_only_healthy_fixed,2026-09-19,docs/audits/top-100-tlds-2026-09-19.md,"",not_reported,Healthy,"","","","",""
24,us,delegated,registered_only,2026-09-25,docs/audits/top-us-current-2026-09-25.md,spec/fixtures/responses/whois.nic.us/us/status_registered_current.txt;spec/fixtures/responses/whois.nic.us/us/status_no_record_current.txt,row_specific,Registered record observed; No Data Found is non-authoritative under the registry disclaimer.,"","","","",""
25,it,delegated,summary_only_healthy_fixed,2026-09-19,docs/audits/top-100-tlds-2026-09-19.md,"",not_reported,Healthy,"","","","",""
26,jp,delegated,summary_only_healthy_fixed,2026-09-19,docs/audits/top-100-tlds-2026-09-19.md,"",not_reported,Healthy,"","","","",""
27,internal,undelegated,classification_only,2026-09-19,docs/audits/top-100-tlds-2026-09-19.md,"",not_reported,Special-use; no parser or availability inference,"","","","",""
28,ai,delegated,summary_only_healthy_fixed,2026-09-19,docs/audits/top-100-tlds-2026-09-19.md,"",not_reported,Fixed,"","","","",""
29,br,delegated,summary_only_healthy_fixed,2026-09-19,docs/audits/top-100-tlds-2026-09-19.md,"",not_reported,Healthy,"","","","",""
30,tr,delegated,summary_only_healthy_fixed,2026-09-19,docs/audits/top-100-tlds-2026-09-19.md,"",not_reported,Fixed,"","","","",""
31,in,delegated,summary_only_healthy_fixed,2026-09-19,docs/audits/top-100-tlds-2026-09-19.md,"",not_reported,Fixed,"","","","",""
32,online,delegated,summary_only_healthy_fixed,2026-09-19,docs/audits/top-100-tlds-2026-09-19.md,"",not_reported,Fixed,"","","","",""
33,ch,delegated,unknown_unsafe,2026-09-19,docs/audits/top-100-tlds-2026-09-19.md,"",not_reported,Refuses port-43,"","","","",""
34,cloud,delegated,summary_only_healthy_fixed,2026-09-19,docs/audits/top-100-tlds-2026-09-19.md,"",not_reported,Fixed,"","","","",""
35,nl,delegated,summary_only_healthy_fixed,2026-09-19,docs/audits/top-100-tlds-2026-09-19.md,"",not_reported,Fixed,"","","","",""
36,pl,delegated,summary_only_healthy_fixed,2026-09-19,docs/audits/top-100-tlds-2026-09-19.md,"",not_reported,Healthy,"","","","",""
37,ca,delegated,summary_only_healthy_fixed,2026-09-19,docs/audits/top-100-tlds-2026-09-19.md,"",not_reported,Fixed,"","","","",""
38,club,delegated,summary_only_healthy_fixed,2026-09-19,docs/audits/top-100-tlds-2026-09-19.md,"",not_reported,Fixed,"","","","",""
39,ms,delegated,summary_only_healthy_fixed,2026-09-19,docs/audits/top-100-tlds-2026-09-19.md,"",not_reported,Fixed,"","","","",""
40,tech,delegated,summary_only_healthy_fixed,2026-09-19,docs/audits/top-100-tlds-2026-09-19.md,"",not_reported,Fixed,"","","","",""
41,tv,delegated,summary_only_healthy_fixed,2026-09-19,docs/audits/top-100-tlds-2026-09-19.md,"",not_reported,Fixed,"","","","",""
42,se,delegated,summary_only_healthy_fixed,2026-09-19,docs/audits/top-100-tlds-2026-09-19.md,"",not_reported,Healthy,"","","","",""
43,dev,delegated,unknown_unsafe,2026-09-19,docs/audits/top-100-tlds-2026-09-19.md,"",not_reported,Unavailable,rdap_only_no_whois,2026-09-25,docs/audits/top1000-es-pk-shop-dev-app-2026-09-25.md,"",IANA lists Google Registry RDAP and no WHOIS server; no WHOIS parser result is inferred.
44,au,delegated,summary_only_healthy_fixed,2026-09-19,docs/audits/top-100-tlds-2026-09-19.md,"",not_reported,Fixed,"","","","",""
45,be,delegated,summary_only_healthy_fixed,2026-09-19,docs/audits/top-100-tlds-2026-09-19.md,"",not_reported,Healthy,"","","","",""
46,goog,delegated,unknown_unsafe,2026-09-19,docs/audits/top-100-tlds-2026-09-19.md,"",not_reported,Non-public,"","","","",""
47,app,delegated,unknown_unsafe,2026-09-19,docs/audits/top-100-tlds-2026-09-19.md,"",not_reported,Unavailable,rdap_only_no_whois,2026-09-25,docs/audits/top1000-es-pk-shop-dev-app-2026-09-25.md,"",IANA lists Google Registry RDAP and no WHOIS server; no WHOIS parser result is inferred.
48,at,delegated,summary_only_healthy_fixed,2026-09-19,docs/audits/top-100-tlds-2026-09-19.md,"",not_reported,Fixed,"","","","",""
49,no,delegated,summary_only_healthy_fixed,2026-09-19,docs/audits/top-100-tlds-2026-09-19.md,"",not_reported,Healthy,"","","","",""
50,to,delegated,summary_only_healthy_fixed,2026-09-19,docs/audits/top-100-tlds-2026-09-19.md,"",not_reported,Fixed,"","","","",""
51,media,delegated,summary_only_unsupported,2026-09-19,docs/audits/top-100-tlds-2026-09-19.md,"",not_reported,Unsupported,"","","","",""
52,es,delegated,unknown_unsafe,2026-09-19,docs/audits/top-100-tlds-2026-09-19.md,"",not_reported,Transient refusal,"","","","",""
53,mx,delegated,summary_only_healthy_fixed,2026-09-19,docs/audits/top-100-tlds-2026-09-19.md,"",not_reported,Fixed,"","","","",""
54,ua,delegated,summary_only_healthy_fixed,2026-09-19,docs/audits/top-100-tlds-2026-09-19.md,"",not_reported,Fixed,"","","","",""
55,fi,delegated,summary_only_healthy_fixed,2026-09-19,docs/audits/top-100-tlds-2026-09-19.md,"",not_reported,Fixed,"","","","",""
56,cc,delegated,summary_only_healthy_fixed,2026-09-19,docs/audits/top-100-tlds-2026-09-19.md,"",not_reported,Healthy,"","","","",""
57,gov,delegated,summary_only_healthy_fixed,2026-09-19,docs/audits/top-100-tlds-2026-09-19.md,"",not_reported,Fixed,"","","","",""
58,tw,delegated,summary_only_healthy_fixed,2026-09-19,docs/audits/top-100-tlds-2026-09-19.md,"",not_reported,Healthy,"","","","",""
59,vn,delegated,unknown_unsafe,2026-09-19,docs/audits/top-100-tlds-2026-09-19.md,"",not_reported,Restricted,"","","","",""
60,id,delegated,summary_only_healthy_fixed,2026-09-19,docs/audits/top-100-tlds-2026-09-19.md,"",not_reported,Fixed,"","","","",""
61,services,delegated,summary_only_unsupported,2026-09-19,docs/audits/top-100-tlds-2026-09-19.md,"",not_reported,Unsupported,"","","","",""
62,sk,delegated,summary_only_healthy_fixed,2026-09-19,docs/audits/top-100-tlds-2026-09-19.md,"",not_reported,Fixed,"","","","",""
63,ar,delegated,summary_only_healthy_fixed,2026-09-19,docs/audits/top-100-tlds-2026-09-19.md,"",not_reported,Fixed,"","","","",""
64,hk,delegated,summary_only_healthy_fixed,2026-09-19,docs/audits/top-100-tlds-2026-09-19.md,"",not_reported,Fixed,"","","","",""
65,sg,delegated,summary_only_healthy_fixed,2026-09-19,docs/audits/top-100-tlds-2026-09-19.md,"",not_reported,Fixed,"","","","",""
66,localdomain,undelegated,classification_only,2026-09-19,docs/audits/top-100-tlds-2026-09-19.md,"",not_reported,Undelegated/non-public; no parser or availability inference,"","","","",""
67,azure-dns-info,undelegated,classification_only,2026-09-19,docs/audits/top-100-tlds-2026-09-19.md,"",not_reported,Undelegated/non-public; no parser or availability inference,"","","","",""
68,za,delegated,unknown_unsafe,2026-09-19,docs/audits/top-100-tlds-2026-09-19.md,"",not_reported,Restricted,"","","","",""
69,pt,delegated,summary_only_healthy_fixed,2026-09-19,docs/audits/top-100-tlds-2026-09-19.md,"",not_reported,Fixed,"","","","",""
70,dk,delegated,summary_only_healthy_fixed,2026-09-19,docs/audits/top-100-tlds-2026-09-19.md,"",not_reported,Healthy,"","","","",""
71,network,delegated,summary_only_unsupported,2026-09-19,docs/audits/top-100-tlds-2026-09-19.md,"",not_reported,Unsupported,"","","","",""
72,gr,delegated,unknown_unsafe,2026-09-19,docs/audits/top-100-tlds-2026-09-19.md,"",not_reported,Restricted,"","","","",""
73,gg,delegated,summary_only_healthy_fixed,2026-09-19,docs/audits/top-100-tlds-2026-09-19.md,"",not_reported,Fixed,"","","","",""
74,live,delegated,summary_only_unsupported,2026-09-19,docs/audits/top-100-tlds-2026-09-19.md,"",not_reported,Unsupported,"","","","",""
75,ro,delegated,summary_only_healthy_fixed,2026-09-19,docs/audits/top-100-tlds-2026-09-19.md,"",not_reported,Healthy,"","","","",""
76,cl,delegated,summary_only_healthy_fixed,2026-09-19,docs/audits/top-100-tlds-2026-09-19.md,"",not_reported,Fixed,"","","","",""
77,la,delegated,summary_only_healthy_fixed,2026-09-19,docs/audits/top-100-tlds-2026-09-19.md,"",not_reported,Fixed,"","","","",""
78,th,delegated,summary_only_healthy_fixed,2026-09-19,docs/audits/top-100-tlds-2026-09-19.md,"",not_reported,Fixed,"","","","",""
79,nz,delegated,summary_only_healthy_fixed,2026-09-19,docs/audits/top-100-tlds-2026-09-19.md,"",not_reported,Fixed,"","","","",""
80,is,delegated,summary_only_healthy_fixed,2026-09-19,docs/audits/top-100-tlds-2026-09-19.md,"",not_reported,Healthy,"","","","",""
81,il,delegated,summary_only_healthy_fixed,2026-09-19,docs/audits/top-100-tlds-2026-09-19.md,"",not_reported,Healthy,"","","","",""
82,hu,delegated,summary_only_healthy_fixed,2026-09-19,docs/audits/top-100-tlds-2026-09-19.md,"",not_reported,Healthy,"","","","",""
83,im,delegated,summary_only_healthy_fixed,2026-09-19,docs/audits/top-100-tlds-2026-09-19.md,"",not_reported,Fixed,"","","","",""
84,pk,delegated,unknown_unsafe,2026-09-19,docs/audits/top-100-tlds-2026-09-19.md,"",not_reported,Unresolved,port43_parser_pair_not_standard_route,2026-09-25,docs/audits/top1000-es-pk-shop-dev-app-2026-09-25.md,spec/fixtures/responses/whois.pknic.net.pk/pk,"The report documents a registered and explicit-availability pair at PKNIC, but the locked whois client maps .pk to a legacy web adapter."
85,sh,delegated,summary_only_healthy_fixed,2026-09-19,docs/audits/top-100-tlds-2026-09-19.md,"",not_reported,Healthy,"","","","",""
86,ae,delegated,summary_only_healthy_fixed,2026-09-19,docs/audits/top-100-tlds-2026-09-19.md,"",not_reported,Fixed,"","","","",""
87,bg,delegated,summary_only_healthy_fixed,2026-09-19,docs/audits/top-100-tlds-2026-09-19.md,"",not_reported,Fixed,"","","","",""
88,kz,delegated,summary_only_healthy_fixed,2026-09-19,docs/audits/top-100-tlds-2026-09-19.md,"",not_reported,Fixed,"","","","",""
89,my,delegated,summary_only_healthy_fixed,2026-09-19,docs/audits/top-100-tlds-2026-09-19.md,"",not_reported,Fixed,"","","","",""
90,pro,delegated,summary_only_unsupported,2026-09-19,docs/audits/top-100-tlds-2026-09-19.md,"",not_reported,Unsupported,"","","","",""
91,lt,delegated,summary_only_healthy_fixed,2026-09-19,docs/audits/top-100-tlds-2026-09-19.md,"",not_reported,Healthy,"","","","",""
92,ee,delegated,summary_only_healthy_fixed,2026-09-19,docs/audits/top-100-tlds-2026-09-19.md,"",not_reported,Healthy,"","","","",""
93,ws,delegated,summary_only_healthy_fixed,2026-09-19,docs/audits/top-100-tlds-2026-09-19.md,"",not_reported,Fixed,"","","","",""
94,si,delegated,summary_only_healthy_fixed,2026-09-19,docs/audits/top-100-tlds-2026-09-19.md,"",not_reported,Fixed,"","","","",""
95,ph,delegated,classification_only,2026-09-19,docs/audits/top-100-tlds-2026-09-19.md,"",not_reported,Web-only; no port-43 parser or availability inference,"","","","",""
96,rs,delegated,summary_only_healthy_fixed,2026-09-19,docs/audits/top-100-tlds-2026-09-19.md,"",not_reported,Fixed,"","","","",""
97,ie,delegated,summary_only_healthy_fixed,2026-09-19,docs/audits/top-100-tlds-2026-09-19.md,"",not_reported,Fixed,"","","","",""
98,pe,delegated,summary_only_healthy_fixed,2026-09-19,docs/audits/top-100-tlds-2026-09-19.md,"",not_reported,Fixed,"","","","",""
99,fm,delegated,summary_only_healthy_fixed,2026-09-19,docs/audits/top-100-tlds-2026-09-19.md,"",not_reported,Healthy,"","","","",""
100,link,delegated,summary_only_healthy_fixed,2026-09-19,docs/audits/top-100-tlds-2026-09-19.md,"",not_reported,Fixed,"","","","",""
103,top,delegated,registered_only,2026-09-19,docs/audits/top-101-125-tlds-2026-09-19.md,spec/fixtures/responses/audit_20260919_ranks101_125,report_collection,"whois.nic.top | Registered response returned for the probe | Standard mapping, no dedicated parser",paired,2026-09-25,docs/audits/top-us-current-2026-09-25.md,spec/fixtures/responses/whois.nic.top/top/status_registered_current.txt;spec/fixtures/responses/whois.nic.top/top/status_absent_current.txt,A later bounded report records registered and exact authoritative absence evidence; the pinned scorecard does not add this follow-up to its counts.
104,uz,delegated,registered_only,2026-09-19,docs/audits/top-101-125-tlds-2026-09-19.md,spec/fixtures/responses/audit_20260919_ranks101_125,report_collection,"whois.cctld.uz | Current registered and exact generated-name no-entry responses returned | Tightened parser to full-line, .uz-anchored evidence",paired,2026-09-25,docs/audits/top-101-125-tlds-2026-09-19.md,spec/fixtures/responses/audit_20260925_ranks104_105,The report adds current registered and exact generated-name no-entry evidence after the scorecard baseline.
105,sa,delegated,registered_only,2026-09-19,docs/audits/top-101-125-tlds-2026-09-19.md,spec/fixtures/responses/audit_20260919_ranks101_125,report_collection,"whois.nic.net.sa | Current registered and exact generated-name no-match responses returned | Tightened parser to full-line, .sa-anchored evidence",paired,2026-09-25,docs/audits/top-101-125-tlds-2026-09-19.md,spec/fixtures/responses/audit_20260925_ranks104_105,The report adds current registered and exact generated-name no-match evidence after the scorecard baseline.
110,lv,delegated,paired,2026-09-19,docs/audits/top-101-125-tlds-2026-09-19.md,spec/fixtures/responses/audit_20260919_ranks101_125,report_collection,whois.nic.lv | Registered and free responses parse | Healthy,"","","","",""
111,bz,delegated,paired,2026-09-19,docs/audits/top-101-125-tlds-2026-09-19.md,spec/fixtures/responses/audit_20260919_ranks101_125,report_collection,whois.afilias-grs.info | Registered and free responses parse | Healthy,"","","","",""
112,so,delegated,paired,2026-09-19,docs/audits/top-101-125-tlds-2026-09-19.md,spec/fixtures/responses/audit_20260919_ranks101_125,report_collection,whois.nic.so | Registered and no-object responses parse | Healthy,"","","","",""
113,one,delegated,paired,2026-09-19,docs/audits/top-101-125-tlds-2026-09-19.md,spec/fixtures/responses/audit_20260919_ranks101_125,report_collection,whois.nic.one | ICANN-shaped registered and No Data Found responses parse | Existing parser,"","","","",""
114,ke,delegated,paired,2026-09-19,docs/audits/top-101-125-tlds-2026-09-19.md,spec/fixtures/responses/audit_20260919_ranks101_125,report_collection,whois.kenic.or.ke | Active EPP status and no-object responses parse | Fixed status handling,"","","","",""
115,hr,delegated,paired,2026-09-19,docs/audits/top-101-125-tlds-2026-09-19.md,spec/fixtures/responses/audit_20260919_ranks101_125,report_collection,whois.dns.hr | Current notice-prefixed registered and no-entry responses parse | Fixed scanner and evidence handling,"","","","",""
117,st,delegated,paired,2026-09-19,docs/audits/top-101-125-tlds-2026-09-19.md,spec/fixtures/responses/audit_20260919_ranks101_125,report_collection,whois.nic.st | Registered and no-entry responses parse | Healthy,"","","","",""
121,am,delegated,paired,2026-09-19,docs/audits/top-101-125-tlds-2026-09-19.md,spec/fixtures/responses/audit_20260919_ranks101_125,report_collection,"whois.amnic.net | Current active, registrar locked and no-match responses parse | Fixed status handling","","","","",""
146,cr,delegated,paired,2026-09-19,docs/audits/top-126-150-tlds-2026-09-19.md,spec/fixtures/responses/audit-126-150-2026-09-19,report_collection,Port 43 returns standard no entries found and domain records | Fixed,"","","","",""
147,ir,delegated,paired,2026-09-19,docs/audits/top-126-150-tlds-2026-09-19.md,spec/fixtures/responses/audit-126-150-2026-09-19,report_collection,Port 43 returns standard no entries found and domain: records | Fixed safety,"","","","",""
148,ve,delegated,paired,2026-09-19,docs/audits/top-126-150-tlds-2026-09-19.md,spec/fixtures/responses/audit-126-150-2026-09-19,report_collection,Port 43 now uses no entries found and domain: records | Fixed,"","","","",""
158,cat,delegated,paired,2026-09-19,docs/audits/topdomains-151-175-2026-09-19.md,spec/fixtures/responses/topdomains_151_175,report_collection,whois.nic.cat | Registered and absent responses parse | Added current host mapping and absence marker,"","","","",""
161,tz,delegated,paired,2026-09-19,docs/audits/topdomains-151-175-2026-09-19.md,spec/fixtures/responses/topdomains_151_175,report_collection,whois.tznic.or.tz | Registered and absent responses parse | Fixed missing-status registered response,"","","","",""
162,ug,delegated,paired,2026-09-19,docs/audits/topdomains-151-175-2026-09-19.md,spec/fixtures/responses/topdomains_151_175,report_collection,whois.co.ug | Registered and absent responses parse | Added current domain and absence wording,"","","","",""
165,mk,delegated,paired,2026-09-19,docs/audits/topdomains-151-175-2026-09-19.md,spec/fixtures/responses/topdomains_151_175,report_collection,whois.marnet.mk | Registered and absent responses parse | Added host parser and missing-status mapping,"","","","",""
169,gl,delegated,paired,2026-09-19,docs/audits/topdomains-151-175-2026-09-19.md,spec/fixtures/responses/topdomains_151_175,report_collection,whois.nic.gl | Registered and absent responses parse | Updated current CentralNic layout safely,"","","","",""
173,vg,delegated,paired,2026-09-19,docs/audits/topdomains-151-175-2026-09-19.md,spec/fixtures/responses/topdomains_151_175,report_collection,whois.nic.vg | Registered and absent responses parse | Added current CentralNic host parser,"","","","",""
174,sn,delegated,paired,2026-09-19,docs/audits/topdomains-151-175-2026-09-19.md,spec/fixtures/responses/topdomains_151_175,report_collection,whois.nic.sn | Registered and absent responses parse | Recognised current %% NOT FOUND wording,"","","","",""
177,om,delegated,paired,2026-09-19,docs/audits/top-176-200-tlds-2026-09-19.md,spec/fixtures/responses/topdomains_176_200,report_collection,whois.registry.om | Healthy | google.om registered and generated label returned No Data Found; existing parser covered both.,"","","","",""
185,dz,delegated,paired,2026-09-19,docs/audits/top-176-200-tlds-2026-09-19.md,spec/fixtures/responses/topdomains_176_200,report_collection,whois.nic.dz | Fixed | Current registered output uses Domain Name: and absence uses % No match for domain; the parser now handles both.,"","","","",""
187,vc,delegated,paired,2026-09-19,docs/audits/top-176-200-tlds-2026-09-19.md,spec/fixtures/responses/topdomains_176_200,report_collection,whois.afilias-grs.info | Fixed | Current Afilias block parsed after avoiding key/value headers as a disclaimer and stopping at the registry footer; registered and Domain not found. fixtures pass.,"","","","",""
193,cm,delegated,paired,2026-09-19,docs/audits/top-176-200-tlds-2026-09-19.md,spec/fixtures/responses/topdomains_176_200,report_collection,"whois.netcom.cm | Fixed | Current output uses Domain Name: and EPP status URLs, while absence uses The queried object does not exist: No Object Found; both now classify safely.","","","","",""
200,mw,delegated,paired,2026-09-19,docs/audits/top-176-200-tlds-2026-09-19.md,spec/fixtures/responses/topdomains_176_200,report_collection,whois.nic.mw | Fixed | Current whoisd output has no status key; the parser now uses the exact no-entries marker for availability and domain-key presence for registration.,"","","","",""
202,cd,delegated,paired,2026-09-19,docs/audits/top-201-225-tlds-2026-09-19.md,spec/fixtures/responses/topdomains_201_225,report_collection,whois.nic.cd / standard | Current registered and no-object responses parse correctly | Fixed registered evidence to accept Registry Domain ID,"","","","",""
204,asia,delegated,paired,2026-09-19,docs/audits/top-201-225-tlds-2026-09-19.md,spec/fixtures/responses/topdomains_201_225,report_collection,whois.nic.asia / standard | Current registered and Domain not found. responses parse | Added current Name Server label fallback and unknown safety,"","","","",""
209,rw,delegated,paired,2026-09-19,docs/audits/top-201-225-tlds-2026-09-19.md,spec/fixtures/responses/topdomains_201_225,report_collection,whois.ricta.org.rw / standard | Current registered and no-object responses parse correctly | Added CoCCA parser and mapping coverage,"","","","",""
213,gy,delegated,paired,2026-09-19,docs/audits/top-201-225-tlds-2026-09-19.md,spec/fixtures/responses/topdomains_201_225,report_collection,whois.registry.gy / standard | Current registered and no-object responses parse correctly | Current no-object marker now maps to available,"","","","",""
216,as,delegated,paired,2026-09-19,docs/audits/top-201-225-tlds-2026-09-19.md,spec/fixtures/responses/topdomains_201_225,report_collection,whois.nic.as / standard | Current registered and no-object responses parse correctly | Registration now requires record evidence; added current no-object marker,"","","","",""
217,tm,delegated,paired,2026-09-19,docs/audits/top-201-225-tlds-2026-09-19.md,spec/fixtures/responses/topdomains_201_225,report_collection,"whois.nic.tm / standard | Current registered and purchase-availability responses parse correctly | Healthy, no new change","","","","",""
218,sc,delegated,paired,2026-09-19,docs/audits/top-201-225-tlds-2026-09-19.md,spec/fixtures/responses/topdomains_201_225,report_collection,"whois.afilias-grs.info / Afilias | Current registered and Domain not found. responses parse correctly | Healthy, no new change","","","","",""
222,af,delegated,paired,2026-09-19,docs/audits/top-201-225-tlds-2026-09-19.md,spec/fixtures/responses/topdomains_201_225,report_collection,whois.nic.af / standard | Current registered and no-object responses parse correctly | Current no-object marker now maps to available,"","","","",""
224,store,delegated,paired,2026-09-19,docs/audits/top-201-225-tlds-2026-09-19.md,spec/fixtures/responses/topdomains_201_225,report_collection,whois.nic.store / standard | Current registered and Radix availability responses parse correctly | Added Radix parser and mapping coverage,"","","","",""
225,mg,delegated,paired,2026-09-19,docs/audits/top-201-225-tlds-2026-09-19.md,spec/fixtures/responses/topdomains_201_225,report_collection,whois.nic.mg / standard | Current registered and no-object responses parse correctly | Current no-object marker now maps to available,"","","","",""
226,zm,delegated,paired,2026-09-19,docs/audits/topdomains-226-250-2026-09-19.md,spec/fixtures/responses/topdomains_226_250,report_collection,whois.zicta.zm | Registered and authoritative no-object response | Existing ICANN parser coverage validated; .zm uses the reserved zicta.zm registered probe.,"","","","",""
227,vip,delegated,paired,2026-09-19,docs/audits/topdomains-226-250-2026-09-19.md,spec/fixtures/responses/topdomains_226_250,report_collection,whois.nic.vip | Registered and No Data Found absence | Existing ICANN parser coverage validated.,"","","","",""
228,tg,delegated,paired,2026-09-19,docs/audits/topdomains-226-250-2026-09-19.md,spec/fixtures/responses/topdomains_226_250,report_collection,whois.nic.tg | Registered and NO OBJECT FOUND! absence | Existing JWhoisServer parser coverage validated.,"","","","",""
229,tl,delegated,paired,2026-09-19,docs/audits/topdomains-226-250-2026-09-19.md,spec/fixtures/responses/topdomains_226_250,report_collection,whois.nic.tl | Registered and CoCCA no-object absence | Existing CoCCA parser coverage validated.,"","","","",""
230,sl,delegated,paired,2026-09-19,docs/audits/topdomains-226-250-2026-09-19.md,spec/fixtures/responses/topdomains_226_250,report_collection,whois.nic.sl | Registered and Domain Status: No Object Found absence | Existing parser coverage validated.,"","","","",""
234,sb,delegated,paired,2026-09-19,docs/audits/topdomains-226-250-2026-09-19.md,spec/fixtures/responses/topdomains_226_250,report_collection,whois.nic.net.sb | Registered and CoCCA no-object absence | Existing CoCCA parser coverage validated.,"","","","",""
239,je,delegated,paired,2026-09-19,docs/audits/topdomains-226-250-2026-09-19.md,spec/fixtures/responses/topdomains_226_250,report_collection,whois.je | Registered and NOT FOUND absence | Existing current Jersey parser coverage validated.,"","","","",""
242,pr,delegated,paired,2026-09-19,docs/audits/topdomains-226-250-2026-09-19.md,spec/fixtures/responses/topdomains_226_250,report_collection,whois.afilias-srs.net | Registered and Domain not found. absence | Existing shared Afilias parser coverage validated against the current host mapping.,"","","","",""
244,bj,delegated,paired,2026-09-19,docs/audits/topdomains-226-250-2026-09-19.md,spec/fixtures/responses/topdomains_226_250,report_collection,whois.nic.bj | Registered and no-record absence | Existing parser and legacy fixtures remain covered.,"","","","",""
245,ht,delegated,paired,2026-09-19,docs/audits/topdomains-226-250-2026-09-19.md,spec/fixtures/responses/topdomains_226_250,report_collection,whois.nic.ht | Registered and CoCCA no-object absence | Existing CoCCA parser and legacy fixtures remain covered.,"","","","",""
246,su,delegated,paired,2026-09-19,docs/audits/topdomains-226-250-2026-09-19.md,spec/fixtures/responses/topdomains_226_250,report_collection,whois.tcinet.ru | Registered and authoritative no-entry response | Existing TCI parser and fixtures remain covered.,"","","","",""
250,fun,delegated,paired,2026-09-19,docs/audits/topdomains-226-250-2026-09-19.md,spec/fixtures/responses/topdomains_226_250,report_collection,whois.nic.fun | Registered and exact availability sentence | Existing ICANN parser coverage validated.,"","","","",""
256,nf,delegated,paired,2026-09-19,docs/audits/topdomains-251-275-2026-09-19.md,spec/fixtures/responses/topdomains_251_275,report_collection,whois.nic.nf | Registered and authoritative no-object response | Added current no-object availability mapping,"","","","",""
257,ink,delegated,paired,2026-09-19,docs/audits/topdomains-251-275-2026-09-19.md,spec/fixtures/responses/topdomains_251_275,report_collection,whois.nic.ink | Registered and No Data Found absence | Added current ICANN parser and host mapping,"","","","",""
259,pw,delegated,paired,2026-09-19,docs/audits/topdomains-251-275-2026-09-19.md,spec/fixtures/responses/topdomains_251_275,report_collection,whois.nic.pw | Registered and available responses parse | Existing CentralNic parser validated,"","","","",""
269,gi,delegated,paired,2026-09-19,docs/audits/topdomains-251-275-2026-09-19.md,spec/fixtures/responses/topdomains_251_275,report_collection,whois.afilias-grs.info | Registered and Domain not found. absence | Existing shared Afilias parser validated,"","","","",""
270,fo,delegated,paired,2026-09-19,docs/audits/topdomains-251-275-2026-09-19.md,spec/fixtures/responses/topdomains_251_275,report_collection,whois.nic.fo | Current ICANN-style registered and no-object responses | Added compatibility normalizer; legacy fixtures remain supported,"","","","",""
272,icu,delegated,paired,2026-09-19,docs/audits/topdomains-251-275-2026-09-19.md,spec/fixtures/responses/topdomains_251_275,report_collection,whois.nic.icu | Registered and DOMAIN NOT FOUND absence | Added current ICANN parser and host mapping,"","","","",""
277,re,delegated,paired,2026-09-19,docs/audits/topdomains-276-300-2026-09-19.md,spec/fixtures/responses/topdomains_276_300,report_collection,whois.nic.re | AFNIC registered and %% NOT FOUND responses | Added current absence marker,"","","","",""
280,website,delegated,paired,2026-09-19,docs/audits/topdomains-276-300-2026-09-19.md,spec/fixtures/responses/topdomains_276_300,report_collection,whois.nic.website | Radix registered and available responses | Added Radix host parser,"","","","",""
282,wf,delegated,paired,2026-09-19,docs/audits/topdomains-276-300-2026-09-19.md,spec/fixtures/responses/topdomains_276_300,report_collection,whois.nic.wf | AFNIC registered and %% NOT FOUND responses | Added current absence marker,"","","","",""
283,name,delegated,paired,2026-09-19,docs/audits/topdomains-276-300-2026-09-19.md,spec/fixtures/responses/topdomains_276_300,report_collection,whois.nic.name | Verisign registered and No match for responses | Existing parser covered both,"","","","",""
286,design,delegated,paired,2026-09-19,docs/audits/topdomains-276-300-2026-09-19.md,spec/fixtures/responses/topdomains_276_300,report_collection,whois.nic.design | CentralNic registered and No Data Found responses | Added current absence marker,"","","","",""
290,art,delegated,paired,2026-09-19,docs/audits/topdomains-276-300-2026-09-19.md,spec/fixtures/responses/topdomains_276_300,report_collection,whois.nic.art | CentralNic registered and DOMAIN NOT FOUND responses | Added CentralNic host parser,"","","","",""
294,win,delegated,paired,2026-09-19,docs/audits/topdomains-276-300-2026-09-19.md,spec/fixtures/responses/topdomains_276_300,report_collection,whois.nic.win | CentralNic/MarkMonitor registered and No Data Found responses | Added host parser reusing .design behavior,"","","","",""
295,ovh,delegated,paired,2026-09-19,docs/audits/topdomains-276-300-2026-09-19.md,spec/fixtures/responses/topdomains_276_300,report_collection,whois.ovh.com | OVH registered and % 404 responses | Added OVH parser and absence marker,"","","","",""
296,best,delegated,paired,2026-09-19,docs/audits/topdomains-276-300-2026-09-19.md,spec/fixtures/responses/topdomains_276_300,report_collection,whois.nic.best | CentralNic registered and DOMAIN NOT FOUND responses | Added CentralNic host parser,"","","","",""
298,cfd,delegated,paired,2026-09-19,docs/audits/topdomains-276-300-2026-09-19.md,spec/fixtures/responses/topdomains_276_300,report_collection,whois.nic.cfd | CentralNic registered and DOMAIN NOT FOUND responses | Added CentralNic host parser,"","","","",""
301,blog,delegated,paired,2026-09-19,docs/audits/whois-parser-top1000-package-4-2026-09-19.md,spec/fixtures/responses/topdomains_package_4,report_collection,whois.nic.blog | Verified registered + Not found: | Added CIRA-family host adapter,"","","","",""
304,fox,delegated,report_detail_insufficient,2026-09-19,docs/audits/whois-parser-top1000-package-3-2026-09-19.md,spec/fixtures/responses/top1000_package3,report_collection,whois.nic.fox | verified | Added BaseTop1000Icann adapter with exact current markers,"","","","",""
305,cyou,delegated,paired,2026-09-19,docs/audits/whois-parser-top1000-package-1-2026-09-19.md,spec/fixtures/responses/top1000_package1,report_collection,whois.nic.cyou | Whois::Parsers::WhoisNicCyou | CentralNic ICANN record; DOMAIN NOT FOUND absence marker,"","","","",""
308,bid,delegated,paired,2026-09-19,docs/audits/whois-parser-top1000-package-5-2026-09-19.md,spec/fixtures/responses/top1000_package5,report_collection,whois.nic.bid | registered + authoritative absence | Adapter/fixture,"","","","",""
311,build,delegated,paired,2026-09-19,docs/audits/whois-parser-top1000-package-5-2026-09-19.md,spec/fixtures/responses/top1000_package5,report_collection,whois.nic.build | registered + authoritative absence | Adapter/fixture,"","","","",""
312,buzz,delegated,report_detail_insufficient,2026-09-19,docs/audits/whois-parser-top1000-package-3-2026-09-19.md,spec/fixtures/responses/top1000_package3,report_collection,whois.nic.buzz | verified | Added BaseTop1000Icann adapter with exact current markers,"","","","",""
314,sbs,delegated,paired,2026-09-19,docs/audits/whois-parser-top1000-package-5-2026-09-19.md,spec/fixtures/responses/top1000_package5,report_collection,whois.nic.sbs | registered + authoritative absence | Adapter/fixture,"","","","",""
315,cam,delegated,report_detail_insufficient,2026-09-19,docs/audits/whois-parser-top1000-package-3-2026-09-19.md,spec/fixtures/responses/top1000_package3,report_collection,whois.nic.cam | verified | Added BaseTop1000Icann adapter with exact current markers,"","","","",""
317,moe,delegated,paired,2026-09-19,docs/audits/whois-parser-top1000-package-5-2026-09-19.md,spec/fixtures/responses/top1000_package5,report_collection,whois.nic.moe | registered + authoritative absence | Adapter/fixture,"","","","",""
320,lat,delegated,paired,2026-09-19,docs/audits/whois-parser-top1000-package-5-2026-09-19.md,spec/fixtures/responses/top1000_package5,report_collection,whois.nic.lat | registered + authoritative absence | Adapter/fixture,"","","","",""
325,wiki,delegated,paired,2026-09-19,docs/audits/whois-parser-top1000-package-5-2026-09-19.md,spec/fixtures/responses/top1000_package5,report_collection,whois.nic.wiki | registered + authoritative absence | Adapter/fixture,"","","","",""
340,tc,delegated,paired,2026-09-19,docs/audits/whois-parser-top1000-package-5-2026-09-19.md,spec/fixtures/responses/top1000_package5,report_collection,whois.nic.tc | registered + authoritative absence | Existing parser verified,"","","","",""
345,coop,delegated,paired,2026-09-19,docs/audits/whois-parser-top1000-package-4-2026-09-19.md,spec/fixtures/responses/topdomains_package_4,report_collection,whois.nic.coop | Verified registered + Radix available | Added current availability marker to existing parser,"","","","",""
346,casa,delegated,report_detail_insufficient,2026-09-19,docs/audits/whois-parser-top1000-package-3-2026-09-19.md,spec/fixtures/responses/top1000_package3,report_collection,whois.nic.casa | verified | Added BaseTop1000Icann adapter with exact current markers,"","","","",""
348,bayern,delegated,paired,2026-09-19,docs/audits/whois-parser-top1000-package-4-2026-09-19.md,spec/fixtures/responses/topdomains_package_4,report_collection,whois.nic.bayern | Verified registered + no matching objects | Added CentralNic-family adapter,"","","","",""
360,gd,delegated,paired,2026-09-19,docs/audits/whois-parser-top1000-package-4-2026-09-19.md,spec/fixtures/responses/topdomains_package_4,report_collection,whois.nic.gd | Verified registered + DOMAIN NOT FOUND | Added current absence marker to existing parser,"","","","",""
361,love,delegated,report_detail_insufficient,2026-09-19,docs/audits/whois-parser-top1000-package-3-2026-09-19.md,spec/fixtures/responses/top1000_package3,report_collection,whois.nic.love | verified | Added BaseTop1000Icann adapter with exact current markers,"","","","",""
362,pm,delegated,paired,2026-09-19,docs/audits/whois-parser-top1000-package-4-2026-09-19.md,spec/fixtures/responses/topdomains_package_4,report_collection,whois.nic.pm | Verified registered + %% NOT FOUND | Added current AFNIC absence marker,"","","","",""
366,monster,delegated,report_detail_insufficient,2026-09-19,docs/audits/whois-parser-top1000-package-3-2026-09-19.md,spec/fixtures/responses/top1000_package3,report_collection,whois.nic.monster | verified | Added BaseTop1000Icann adapter with exact current markers,"","","","",""
370,inc,delegated,paired,2026-09-19,docs/audits/whois-parser-top1000-package-5-2026-09-19.md,spec/fixtures/responses/top1000_package5,report_collection,whois.nic.inc | registered + authoritative absence | Adapter/fixture,"","","","",""
378,ax,delegated,paired,2026-09-19,docs/audits/whois-parser-top1000-package-4-2026-09-19.md,spec/fixtures/responses/topdomains_package_4,report_collection,whois.ax | Verified registered + Domain not found | Added current absence marker to existing parser,"","","","",""
380,trade,delegated,paired,2026-09-19,docs/audits/whois-parser-top1000-package-5-2026-09-19.md,spec/fixtures/responses/top1000_package5,report_collection,whois.nic.trade | registered + authoritative absence | Adapter/fixture,"","","","",""
384,eus,delegated,paired,2026-09-19,docs/audits/whois-parser-top1000-package-4-2026-09-19.md,spec/fixtures/responses/topdomains_package_4,report_collection,whois.nic.eus | Verified registered + no matching objects | Added CentralNic-family adapter,"","","","",""
385,rest,delegated,report_detail_insufficient,2026-09-19,docs/audits/whois-parser-top1000-package-3-2026-09-19.md,spec/fixtures/responses/top1000_package3,report_collection,whois.nic.rest | verified | Added BaseTop1000Icann adapter with exact current markers,"","","","",""
393,press,delegated,paired,2026-09-19,docs/audits/whois-parser-top1000-package-5-2026-09-19.md,spec/fixtures/responses/top1000_package5,report_collection,whois.nic.press | registered + authoritative absence | Adapter/fixture,"","","","",""
409,uno,delegated,paired,2026-09-19,docs/audits/whois-parser-top1000-package-4-2026-09-19.md,spec/fixtures/responses/topdomains_package_4,report_collection,whois.nic.uno | Verified registered + Radix available | Added Radix-family adapter,"","","","",""
410,quest,delegated,paired,2026-09-19,docs/audits/whois-parser-top1000-package-4-2026-09-19.md,spec/fixtures/responses/topdomains_package_4,report_collection,whois.nic.quest | Verified registered + DOMAIN NOT FOUND | Added CentralNic-family adapter,"","","","",""
418,swiss,delegated,paired,2026-09-19,docs/audits/whois-parser-top1000-package-5-2026-09-19.md,spec/fixtures/responses/top1000_package5,report_collection,whois.nic.swiss | registered + authoritative absence | Adapter/fixture,"","","","",""
419,bar,delegated,report_detail_insufficient,2026-09-19,docs/audits/whois-parser-top1000-package-3-2026-09-19.md,spec/fixtures/responses/top1000_package3,report_collection,whois.nic.bar | verified | Added BaseTop1000Icann adapter with exact current markers,"","","","",""
429,xin,delegated,report_detail_insufficient,2026-09-19,docs/audits/whois-parser-top1000-package-3-2026-09-19.md,spec/fixtures/responses/top1000_package3,report_collection,whois.nic.xin | verified | Added BaseTop1000Icann adapter with exact current markers,"","","","",""
434,security,delegated,paired,2026-09-19,docs/audits/whois-parser-top1000-package-1-2026-09-19.md,spec/fixtures/responses/top1000_package1,report_collection,whois.nic.security | Whois::Parsers::WhoisNicSecurity | CentralNic ICANN record; DOMAIN NOT FOUND absence marker,"","","","",""
440,scot,delegated,paired,2026-09-19,docs/audits/whois-parser-top1000-package-5-2026-09-19.md,spec/fixtures/responses/top1000_package5,report_collection,whois.nic.scot | registered + authoritative absence | Adapter/fixture,"","","","",""
441,berlin,delegated,report_detail_insufficient,2026-09-19,docs/audits/whois-parser-top1000-package-3-2026-09-19.md,spec/fixtures/responses/top1000_package3,report_collection,whois.nic.berlin | verified | Added BaseTop1000Icann adapter with exact current markers,"","","","",""
445,sap,delegated,report_detail_insufficient,2026-09-19,docs/audits/whois-parser-top1000-package-3-2026-09-19.md,spec/fixtures/responses/top1000_package3,report_collection,whois.nic.sap | verified | Added BaseTop1000Icann adapter with exact current markers,"","","","",""
448,baby,delegated,paired,2026-09-19,docs/audits/whois-parser-top1000-package-4-2026-09-19.md,spec/fixtures/responses/topdomains_package_4,report_collection,whois.nic.baby | Verified registered + DOMAIN NOT FOUND | Added CentralNic-family adapter,"","","","",""
453,fans,delegated,paired,2026-09-19,docs/audits/whois-parser-top1000-package-4-2026-09-19.md,spec/fixtures/responses/topdomains_package_4,report_collection,whois.nic.fans | Verified registered + DOMAIN NOT FOUND | Added CentralNic-family adapter,"","","","",""
459,wang,delegated,paired,2026-09-19,docs/audits/whois-parser-top1000-package-5-2026-09-19.md,spec/fixtures/responses/top1000_package5,report_collection,whois.gtld.knet.cn | registered + authoritative absence | Adapter/fixture,"","","","",""
461,nrw,delegated,report_detail_insufficient,2026-09-19,docs/audits/whois-parser-top1000-package-3-2026-09-19.md,spec/fixtures/responses/top1000_package3,report_collection,whois.nic.nrw | verified | Added BaseTop1000Icann adapter with exact current markers,"","","","",""
463,beauty,delegated,paired,2026-09-19,docs/audits/whois-parser-top1000-package-5-2026-09-19.md,spec/fixtures/responses/top1000_package5,report_collection,whois.nic.beauty | registered + authoritative absence | Adapter/fixture,"","","","",""
464,surf,delegated,report_detail_insufficient,2026-09-19,docs/audits/whois-parser-top1000-package-3-2026-09-19.md,spec/fixtures/responses/top1000_package3,report_collection,whois.nic.surf | verified | Added BaseTop1000Icann adapter with exact current markers,"","","","",""
479,men,delegated,paired,2026-09-19,docs/audits/whois-parser-top1000-package-5-2026-09-19.md,spec/fixtures/responses/top1000_package5,report_collection,whois.nic.men | registered + authoritative absence | Adapter/fixture,"","","","",""
483,eco,delegated,paired,2026-09-19,docs/audits/whois-parser-top1000-package-1-2026-09-19.md,spec/fixtures/responses/top1000_package1,report_collection,whois.nic.eco | Whois::Parsers::WhoisNicEco | CIRA record; Not found: absence marker,"","","","",""
494,gal,delegated,paired,2026-09-19,docs/audits/whois-parser-top1000-package-5-2026-09-19.md,spec/fixtures/responses/top1000_package5,report_collection,whois.nic.gal | registered + authoritative absence | Adapter/fixture,"","","","",""
500,ruhr,delegated,paired,2026-09-19,docs/audits/whois-parser-top1000-package-4-2026-09-19.md,spec/fixtures/responses/topdomains_package_4,report_collection,whois.nic.ruhr | Verified registered + DOMAIN NOT FOUND | Added CentralNic-family adapter,"","","","",""
514,rent,delegated,report_detail_insufficient,2026-09-19,docs/audits/whois-parser-top1000-package-3-2026-09-19.md,spec/fixtures/responses/top1000_package3,report_collection,whois.nic.rent | verified | Added BaseTop1000Icann adapter with exact current markers,"","","","",""
525,lc,delegated,paired,2026-09-19,docs/audits/whois-parser-top1000-package-5-2026-09-19.md,spec/fixtures/responses/top1000_package5,report_collection,whois.afilias-grs.info | registered + authoritative absence | Existing parser verified,"","","","",""
538,radio,delegated,paired,2026-09-19,docs/audits/whois-parser-top1000-package-1-2026-09-19.md,spec/fixtures/responses/top1000_package1,report_collection,whois.nic.radio | Whois::Parsers::WhoisNicRadio | CentralNic ICANN record; DOMAIN NOT FOUND absence marker,"","","","",""
543,college,delegated,paired,2026-09-19,docs/audits/whois-parser-top1000-package-4-2026-09-19.md,spec/fixtures/responses/topdomains_package_4,report_collection,whois.nic.college | Verified registered + DOMAIN NOT FOUND | Existing CentralNic-family parser retained,"","","","",""
553,yt,delegated,paired,2026-09-19,docs/audits/whois-parser-top1000-package-5-2026-09-19.md,spec/fixtures/responses/top1000_package5,report_collection,whois.nic.yt | registered + authoritative absence | Adapter/fixture,"","","","",""
555,amsterdam,delegated,paired,2026-09-19,docs/audits/whois-parser-top1000-package-5-2026-09-19.md,spec/fixtures/responses/top1000_package5,report_collection,whois.nic.amsterdam | registered + authoritative absence | Adapter/fixture,"","","","",""
569,kiwi,delegated,paired,2026-09-19,docs/audits/whois-parser-top1000-package-1-2026-09-19.md,spec/fixtures/responses/top1000_package1,report_collection,whois.nic.kiwi | Whois::Parsers::WhoisNicKiwi | CIRA record; Not found: absence marker,"","","","",""
581,bzh,delegated,paired,2026-09-19,docs/audits/whois-parser-top1000-package-4-2026-09-19.md,spec/fixtures/responses/topdomains_package_4,report_collection,whois.nic.bzh | Verified registered + %% NOT FOUND | Added ICANN/AFNIC-marker adapter,"","","","",""
586,ky,delegated,paired,2026-09-19,docs/audits/whois-parser-top1000-package-4-2026-09-19.md,spec/fixtures/responses/topdomains_package_4,report_collection,whois.kyregistry.ky | Verified registered + Radix available | Added Radix-family adapter,"","","","",""
588,ceo,delegated,report_detail_insufficient,2026-09-19,docs/audits/whois-parser-top1000-package-3-2026-09-19.md,spec/fixtures/responses/top1000_package3,report_collection,whois.nic.ceo | verified | Added BaseTop1000Icann adapter with exact current markers,"","","","",""
592,moscow,delegated,paired,2026-09-19,docs/audits/whois-parser-top1000-package-5-2026-09-19.md,spec/fixtures/responses/top1000_package5,report_collection,whois.nic.moscow | registered + authoritative absence | Adapter/fixture,"","","","",""
598,review,delegated,paired,2026-09-19,docs/audits/whois-parser-top1000-package-5-2026-09-19.md,spec/fixtures/responses/top1000_package5,report_collection,whois.nic.review | registered + authoritative absence | Adapter/fixture,"","","","",""
604,wien,delegated,paired,2026-09-19,docs/audits/whois-parser-top1000-package-4-2026-09-19.md,spec/fixtures/responses/topdomains_package_4,report_collection,whois.nic.wien | Verified registered + Available | Added reserved/available ICANN adapter,"","","","",""
608,museum,delegated,report_detail_insufficient,2026-09-19,docs/audits/whois-parser-top1000-package-3-2026-09-19.md,spec/fixtures/responses/top1000_package3,report_collection,whois.nic.museum | verified | Added BaseTop1000Icann adapter with exact current markers,"","","","",""
609,rodeo,delegated,report_detail_insufficient,2026-09-19,docs/audits/whois-parser-top1000-package-3-2026-09-19.md,spec/fixtures/responses/top1000_package3,report_collection,whois.nic.rodeo | verified | Added BaseTop1000Icann adapter with exact current markers,"","","","",""
611,koeln,delegated,paired,2026-09-19,docs/audits/whois-parser-top1000-package-5-2026-09-19.md,spec/fixtures/responses/top1000_package5,report_collection,whois.ryce-rsp.com | registered + authoritative absence | Adapter/fixture,"","","","",""
612,wedding,delegated,report_detail_insufficient,2026-09-19,docs/audits/whois-parser-top1000-package-3-2026-09-19.md,spec/fixtures/responses/top1000_package3,report_collection,whois.nic.wedding | verified | Added BaseTop1000Icann adapter with exact current markers,"","","","",""
617,quebec,delegated,report_detail_insufficient,2026-09-19,docs/audits/whois-parser-top1000-package-3-2026-09-19.md,spec/fixtures/responses/top1000_package3,report_collection,whois.nic.quebec | verified | Added BaseTop1000Icann adapter with exact current markers,"","","","",""
618,schwarz,delegated,report_detail_insufficient,2026-09-19,docs/audits/whois-parser-top1000-package-3-2026-09-19.md,spec/fixtures/responses/top1000_package3,report_collection,whois.nic.schwarz | verified | Added BaseTop1000Icann adapter with exact current markers,"","","","",""
624,basketball,delegated,report_detail_insufficient,2026-09-19,docs/audits/whois-parser-top1000-package-3-2026-09-19.md,spec/fixtures/responses/top1000_package3,report_collection,whois.nic.basketball | verified | Added BaseTop1000Icann adapter with exact current markers,"","","","",""
659,racing,delegated,paired,2026-09-19,docs/audits/whois-parser-top1000-package-5-2026-09-19.md,spec/fixtures/responses/top1000_package5,report_collection,whois.nic.racing | registered + authoritative absence | Adapter/fixture,"","","","",""
662,barcelona,delegated,paired,2026-09-19,docs/audits/whois-parser-top1000-package-4-2026-09-19.md,spec/fixtures/responses/topdomains_package_4,report_collection,whois.nic.barcelona | Verified registered + no matching objects | Added CentralNic-family adapter,"","","","",""
680,hamburg,delegated,report_detail_insufficient,2026-09-19,docs/audits/whois-parser-top1000-package-3-2026-09-19.md,spec/fixtures/responses/top1000_package3,report_collection,whois.nic.hamburg | verified | Added BaseTop1000Icann adapter with exact current markers,"","","","",""
691,xn--fiqs8s,delegated,paired,2026-09-19,docs/audits/whois-parser-top1000-package-5-2026-09-19.md,spec/fixtures/responses/top1000_package5,report_collection,cwhois.cnnic.cn | registered + authoritative absence | Adapter/fixture,"","","","",""
695,observer,delegated,paired,2026-09-19,docs/audits/whois-parser-top1000-package-5-2026-09-19.md,spec/fixtures/responses/top1000_package5,report_collection,whois.nic.observer | registered + authoritative absence | Adapter/fixture,"","","","",""
698,frl,delegated,paired,2026-09-19,docs/audits/whois-parser-top1000-package-5-2026-09-19.md,spec/fixtures/responses/top1000_package5,report_collection,whois.nic.frl | registered + authoritative absence | Adapter/fixture,"","","","",""
705,madrid,delegated,paired,2026-09-19,docs/audits/whois-parser-top1000-package-5-2026-09-19.md,spec/fixtures/responses/top1000_package5,report_collection,whois.madrid.rs.corenic.net | registered + authoritative absence | Adapter/fixture,"","","","",""
709,luxury,delegated,paired,2026-09-19,docs/audits/whois-parser-top1000-package-5-2026-09-19.md,spec/fixtures/responses/top1000_package5,report_collection,whois.nic.luxury | registered + authoritative absence | Adapter/fixture,"","","","",""
729,aw,delegated,paired,2026-09-19,docs/audits/whois-parser-top1000-package-3-2026-09-19.md,spec/fixtures/responses/top1000_package3,report_collection,whois.nic.aw | verified | Added WhoisNicAw compact registered/free adapter,"","","","",""
732,tirol,delegated,paired,2026-09-19,docs/audits/whois-parser-top1000-package-4-2026-09-19.md,spec/fixtures/responses/topdomains_package_4,report_collection,whois.nic.tirol | Verified registered + Available | Added reserved/available ICANN adapter,"","","","",""
733,boston,delegated,report_detail_insufficient,2026-09-19,docs/audits/whois-parser-top1000-package-3-2026-09-19.md,spec/fixtures/responses/top1000_package3,report_collection,whois.nic.boston | verified | Added BaseTop1000Icann adapter with exact current markers,"","","","",""
744,mobile,delegated,report_detail_insufficient,2026-09-19,docs/audits/whois-parser-top1000-package-3-2026-09-19.md,spec/fixtures/responses/top1000_package3,report_collection,whois.nic.mobile | verified | Added BaseTop1000Icann adapter with exact current markers,"","","","",""
748,bmw,delegated,paired,2026-09-19,docs/audits/whois-parser-top1000-package-5-2026-09-19.md,spec/fixtures/responses/top1000_package5,report_collection,whois.nic.bmw | registered + authoritative absence | Adapter/fixture,"","","","",""
750,tickets,delegated,paired,2026-09-19,docs/audits/whois-parser-top1000-package-5-2026-09-19.md,spec/fixtures/responses/top1000_package5,report_collection,whois.nic.tickets | registered + authoritative absence | Adapter/fixture,"","","","",""
755,saarland,delegated,paired,2026-09-19,docs/audits/whois-parser-top1000-package-5-2026-09-19.md,spec/fixtures/responses/top1000_package5,report_collection,whois.nic.saarland | registered + authoritative absence | Adapter/fixture,"","","","",""
759,feedback,delegated,report_detail_insufficient,2026-09-19,docs/audits/whois-parser-top1000-package-3-2026-09-19.md,spec/fixtures/responses/top1000_package3,report_collection,whois.nic.feedback | verified | Added BaseTop1000Icann adapter with exact current markers,"","","","",""
760,tatar,delegated,paired,2026-09-19,docs/audits/whois-parser-top1000-package-4-2026-09-19.md,spec/fixtures/responses/topdomains_package_4,report_collection,whois.nic.tatar | Verified registered + object-specific no-entry | Added Tatar marker adapter,"","","","",""
775,gf,delegated,paired,2026-09-19,docs/audits/whois-parser-top1000-package-5-2026-09-19.md,spec/fixtures/responses/top1000_package5,report_collection,whois.mediaserv.net | registered + authoritative absence | Adapter/fixture,"","","","",""
780,gent,delegated,paired,2026-09-19,docs/audits/whois-parser-top1000-package-4-2026-09-19.md,spec/fixtures/responses/topdomains_package_4,report_collection,whois.nic.gent | Verified registered + DOMAIN NOT FOUND | Added CentralNic-family adapter,"","","","",""
793,cooking,delegated,report_detail_insufficient,2026-09-19,docs/audits/whois-parser-top1000-package-3-2026-09-19.md,spec/fixtures/responses/top1000_package3,report_collection,whois.nic.cooking | verified | Added BaseTop1000Icann adapter with exact current markers,"","","","",""
809,xn--3ds443g,delegated,report_detail_insufficient,2026-09-19,docs/audits/whois-parser-top1000-package-3-2026-09-19.md,spec/fixtures/responses/top1000_package3,report_collection,whois.teleinfo.cn | verified | Added WhoisTeleinfoCn ICANN/IDN adapter,"","","","",""
815,mq,delegated,paired,2026-09-19,docs/audits/whois-parser-top1000-package-5-2026-09-19.md,spec/fixtures/responses/top1000_package5,report_collection,whois.mediaserv.net | registered + authoritative absence | Adapter/fixture,"","","","",""
816,storage,delegated,paired,2026-09-19,docs/audits/whois-parser-top1000-package-5-2026-09-19.md,spec/fixtures/responses/top1000_package5,report_collection,whois.nic.storage | registered + authoritative absence | Adapter/fixture,"","","","",""
819,xn--3e0b707e,delegated,paired,2026-09-19,docs/audits/whois-parser-top1000-package-4-2026-09-19.md,spec/fixtures/responses/topdomains_package_4,report_collection,whois.kr | Verified registered + not-found absence | Existing Korean parser retained,"","","","",""
821,cologne,delegated,paired,2026-09-19,docs/audits/whois-parser-top1000-package-5-2026-09-19.md,spec/fixtures/responses/top1000_package5,report_collection,whois.ryce-rsp.com | registered + authoritative absence | Adapter/fixture,"","","","",""
838,xn--o3cw4h,delegated,paired,2026-09-19,docs/audits/whois-parser-top1000-package-4-2026-09-19.md,spec/fixtures/responses/topdomains_package_4,report_collection,whois.thnic.co.th | Verified registered + no-match absence | Existing Thai parser retained,"","","","",""
853,realty,delegated,report_detail_insufficient,2026-09-19,docs/audits/whois-parser-top1000-package-3-2026-09-19.md,spec/fixtures/responses/top1000_package3,report_collection,whois.nic.realty | verified | Added BaseTop1000Icann adapter with exact current markers,"","","","",""
885,xn--czru2d,delegated,paired,2026-09-19,docs/audits/whois-parser-top1000-package-5-2026-09-19.md,spec/fixtures/responses/top1000_package5,report_collection,whois.gtld.knet.cn | registered + authoritative absence | Adapter/fixture,"","","","",""
887,xn--t60b56a,delegated,paired,2026-09-19,docs/audits/whois-parser-top1000-package-5-2026-09-19.md,spec/fixtures/responses/top1000_package5,report_collection,whois.nic.xn--t60b56a | registered + authoritative absence | Adapter/fixture,"","","","",""
894,xn--6qq986b3xl,delegated,paired,2026-09-19,docs/audits/whois-parser-top1000-package-5-2026-09-19.md,spec/fixtures/responses/top1000_package5,report_collection,whois.gtld.knet.cn | registered + authoritative absence | Adapter/fixture,"","","","",""
911,xn--tckwe,delegated,paired,2026-09-19,docs/audits/whois-parser-top1000-package-1-2026-09-19.md,spec/fixtures/responses/top1000_package1,report_collection,whois.nic.xn--tckwe | Whois::Parsers::WhoisNicXnTckwe | VeriSign record; No match for absence marker,"","","","",""
947,post,delegated,paired,2026-09-19,docs/audits/whois-parser-top1000-package-5-2026-09-19.md,spec/fixtures/responses/top1000_package5,report_collection,whois.dotpostregistry.net | registered + authoritative absence | Existing parser verified,"","","","",""
958,data,delegated,report_detail_insufficient,2026-09-19,docs/audits/whois-parser-top1000-package-3-2026-09-19.md,spec/fixtures/responses/top1000_package3,report_collection,whois.nic.data | verified | Added BaseTop1000Icann adapter with exact current markers,"","","","",""
961,xn--d1acj3b,delegated,paired,2026-09-19,docs/audits/whois-parser-top1000-package-1-2026-09-19.md,spec/fixtures/responses/top1000_package1,report_collection,whois.nic.xn--d1acj3b | Whois::Parsers::WhoisNicXnD1acj3b | CentralNic ICANN record; object-not-found absence marker,"","","","",""
962,man,delegated,report_detail_insufficient,2026-09-19,docs/audits/whois-parser-top1000-package-3-2026-09-19.md,spec/fixtures/responses/top1000_package3,report_collection,whois.nic.man | verified | Added BaseTop1000Icann adapter with exact current markers,"","","","",""
976,yun,delegated,report_detail_insufficient,2026-09-19,docs/audits/whois-parser-top1000-package-3-2026-09-19.md,spec/fixtures/responses/top1000_package3,report_collection,whois.teleinfo.cn | verified | Added WhoisTeleinfoCn ICANN/IDN adapter,"","","","",""
